,Word,Count
71,park,609
0,disneyland,546
53,rides,466
216,disney,465
139,day,377
210,time,355
137,get,354
254,go,335
14,people,294
51,ride,273
214,would,259
56,place,246
274,one,245
49,line,238
400,lines,233
142,not,209
83,long,204
197,wait,198
379,like,197
109,went,194
108,kids,187
247,disappointed,184
146,food,183
103,could,183
149,expensive,181
88,even,170
588,crowded,169
2,times,161
268,never,155
315,back,148
279,crowds,145
42,us,145
5,visit,144
33,see,142
248,way,140
320,closed,135
63,money,134
514,bad,133
426,around,127
635,parade,126
50,hours,126
91,experience,125
226,going,124
498,minutes,117
280,family,117
265,year,115
267,years,113
77,pass,112
563,world,112
110,little,111
465,also,109
206,got,108
495,hour,106
121,much,105
410,two,103
196,really,101
251,days,100
433,small,99
307,california,99
11,staff,94
301,many,94
120,earth,94
205,still,93
127,mountain,91
81,trip,90
209,waiting,90
122,fun,89
167,tickets,88
266,every,87
365,everything,87
335,take,87
289,least,86
119,happiest,85
135,fast,84
145,lot,83
448,old,83
933,always,81
54,last,80
814,attractions,79
648,first,78
502,walk,77
376,know,73
62,make,73
97,parks,73
519,think,72
202,told,71
339,children,69
277,in,69
424,characters,69
447,disappointing,68
345,ticket,68
577,love,67
95,spent,66
626,say,66
633,adventure,64
293,another,64
90,come,63
96,visited,63
421,worth,63
283,well,63
895,cannot,63
402,made,62
922,cast,62
215,want,61
428,fireworks,60
198,waited,60
482,less,59
114,worst,59
935,passes,58
566,things,58
324,ever,56
661,since,56
29,space,56
269,prices,56
234,rude,56
1033,big,55
19,need,54
601,took,54
47,pay,54
85,broke,53
133,busy,53
494,half,53
321,due,52
26,everyone,52
621,nothing,52
567,find,52
499,terrible,52
640,night,52
675,christmas,51
1058,crazy,51
25,show,50
386,left,50
303,wanted,49
65,ridiculous,49
270,getting,49
611,said,48
999,jones,48
250,spend,48
414,let,48
294,parking,47
412,must,47
1531,area,46
1,several,46
575,florida,46
368,season,45
998,indiana,45
41,next,45
469,almost,45
532,hard,45
235,found,45
296,broken,45
712,good,44
968,felt,44
340,awful,43
539,queues,43
582,walt,43
238,thing,43
554,early,43
636,great,43
147,price,43
782,members,43
372,th,42
415,holiday,41
388,waste,41
1574,week,40
113,thought,40
322,though,40
1325,move,40
1256,service,40
3,past,40
20,fastpass,39
589,poor,39
489,away,39
691,part,39
255,wrong,39
32,without,39
93,disappointment,39
986,land,39
385,enough,38
669,however,38
336,three,37
525,sad,37
94,amount,37
749,crowd,37
286,lots,37
257,daughter,37
48,stand,37
1020,disneyworld,36
425,walking,36
73,recommend,36
1038,main,36
418,theme,36
716,sure,36
969,front,36
580,per,36
550,packed,36
533,anything,35
36,whole,35
117,horrible,35
212,leave,35
520,use,35
217,better,35
1228,paid,35
1179,enjoy,35
299,magical,35
912,pirates,35
260,star,34
69,rest,34
908,tried,34
503,on,34
2040,expect,34
1411,expected,34
1072,standing,34
144,give,34
306,new,34
815,either,33
501,impossible,33
544,queue,33
131,matterhorn,33
300,orlando,33
2324,break,32
449,mickey,32
1282,hotel,32
211,min,32
366,overpriced,32
612,tired,32
239,trying,32
305,something,32
1291,annual,32
406,guests,32
440,actually,31
304,try,31
325,return,31
643,hopper,31
79,came,31
430,unfortunately,31
813,waits,31
84,couple,31
203,working,31
755,no,31
432,saw,31
657,feel,30
1346,member,30
141,cost,30
492,used,30
218,visiting,30
378,seemed,30
574,eat,30
1405,street,30
377,shut,30
7,employees,30
505,asked,30
264,later,30
207,avoid,30
405,number,30
743,started,29
1485,seems,29
464,high,29
744,water,29
1191,life,29
1457,four,29
1421,else,29
123,families,29
395,especially,29
55,minute,28
68,sit,28
674,halloween,28
971,strollers,27
1488,yes,27
677,haunted,27
1756,evening,27
780,difficult,27
243,needs,27
399,help,27
645,son,27
105,morning,27
568,different,27
429,end,27
1053,done,26
67,places,26
649,arrived,26
74,universal,26
452,child,26
904,buy,26
493,finally,26
500,stroller,26
1288,weekend,26
767,keep,26
1616,seen,25
683,look,25
690,longer,25
1245,drinks,25
751,hate,25
297,dirty,25
911,party,25
496,kid,25
900,ones,25
730,start,25
1748,twice,25
581,person,25
497,everywhere,25
82,extremely,25
738,sorry,24
134,late,24
880,system,24
1640,someone,24
985,save,24
667,attraction,24
102,maybe,24
86,castle,24
586,magic,24
461,quite,24
603,cold,24
1042,young,24
308,instead,23
759,run,23
391,check,23
686,room,23
504,we,23
1397,mins,23
100,making,23
2151,gone,23
1525,walked,23
790,daughters,23
1388,ago,23
186,spring,23
52,average,23
1076,hot,23
742,point,23
1225,outrageous,22
599,dollars,22
1747,stay,22
876,pretty,22
1052,summer,22
941,worse,22
629,course,22
106,admission,22
1029,entry,22
253,close,22
1595,customer,22
711,overall,22
1442,allowed,22
92,huge,22
258,already,22
583,called,22
1243,probably,21
298,definitely,21
487,security,21
662,coming,21
126,splash,21
1675,inside,21
1401,able,21
1198,may,21
587,anymore,21
22,watch,21
1530,right,21
2087,side,21
1167,thunder,20
1211,entrance,20
595,any,20
1551,restaurants,20
1286,bring,20
435,behind,20
483,school,20
1065,while,20
417,anyone,20
64,care,20
718,happened,20
252,open,20
75,studios,20
914,mansion,19
736,character,19
1186,cars,19
703,understand,19
619,saying,19
727,looking,19
1172,train,19
578,although,19
620,etc,19
802,lost,19
725,changed,19
1374,paris,19
37,entire,19
256,wife,19
132,gets,19
222,far,19
99,happy,19
1432,problem,19
1517,second,19
1642,miserable,19
1825,makes,19
292,plus,19
1667,single,19
1839,priced,19
272,control,18
1273,nice,18
1888,holidays,18
641,vacation,18
746,total,18
1078,parents,18
695,reason,18
1384,yet,18
1365,guess,18
330,la,18
1960,online,18
1069,heat,18
1018,others,18
658,hardly,18
660,areas,18
1056,compared,18
361,taking,18
1404,downtown,18
1870,shoulder,18
118,truly,18
951,stop,18
956,shuttle,18
404,limit,18
1671,lunch,18
1407,full,18
854,review,18
1266,blast,18
1342,given,17
576,absolutely,17
1855,frustrated,17
917,after,17
1451,meal,17
1826,moving,17
1064,boring,17
1063,bit,17
663,original,17
920,shops,17
2865,along,17
953,car,17
949,barely,17
98,overcrowded,17
1396,it,17
1788,anaheim,17
909,tell,17
1553,parades,17
104,adults,17
261,wars,17
511,please,17
312,husband,17
2334,maintenance,17
334,decided,17
678,house,17
35,picture,17
723,over,17
396,work,17
732,photo,17
1315,knew,17
30,paying,17
1618,live,17
2225,major,16
1326,extra,16
1593,usually,16
1300,shame,16
623,managed,16
17,fantasmic,16
2163,plan,16
735,outside,16
894,mean,16
1869,frustrating,16
1154,home,16
713,shows,16
729,drink,16
764,running,16
807,resort,16
1071,complaint,16
1362,turned,16
57,become,16
2759,meet,15
836,spending,15
1337,together,15
1738,ended,15
23,fan,15
2729,short,15
2327,pizza,15
538,peak,15
249,treated,15
2145,change,15
401,opened,15
1395,loved,15
899,seem,15
1088,wish,15
1742,thinking,15
2300,friendly,15
1799,disneys,15
276,slow,15
87,construction,15
1801,soon,15
885,quality,15
1134,charge,15
462,insane,15
1092,dark,15
512,limited,15
1603,kept,15
2107,except,15
1090,scary,15
1907,roller,14
1424,enjoyed,14
1415,purchase,14
2234,princesses,14
2511,weather,14
905,ask,14
2555,stayed,14
910,supposed,14
442,entertainment,14
913,caribbean,14
1435,put,14
1807,bathrooms,14
9,unhappy,14
2226,annoying,14
373,breaking,14
728,forward,14
1334,low,14
508,monday,14
1571,usual,14
1383,princess,14
1070,problems,14
242,seriously,14
1586,disabled,14
816,available,14
423,plenty,14
787,restaurant,14
21,enter,14
564,prepared,13
2222,fastpasses,13
362,photos,13
2129,ca,13
367,unless,13
80,anniversary,13
397,complete,13
271,heard,13
2287,dont,13
1506,offered,13
1452,spot,13
1978,stood,13
1232,middle,13
1890,souvenirs,13
1427,birthday,13
668,ages,13
1653,offer,13
1057,smaller,13
1926,gate,13
223,employee,13
2001,totally,13
233,super,13
831,traffic,13
889,value,13
413,biggest,13
140,negative,13
241,possible,13
1764,happen,13
204,gave,13
1124,real,13
1449,nearly,13
579,amusement,12
1659,worked,12
1487,event,12
770,anywhere,12
783,looked,12
1460,five,12
2462,grave,12
1611,nasty,12
2440,travel,12
1782,stuck,12
1776,guest,12
1735,october,12
1768,bored,12
869,taken,12
706,completely,12
778,using,12
2769,business,12
1363,believe,12
427,set,12
510,management,12
1015,special,12
1406,april,12
1884,seeing,12
1889,remember,12
1031,anyway,12
1379,matter,12
287,stuff,12
958,sun,12
546,ok,12
382,noticed,12
1328,wasted,12
1413,access,12
351,older,12
2018,bother,12
1189,a,12
558,rather,12
1281,afford,12
931,multiple,12
932,months,12
1674,brought,11
1022,site,11
491,stick,11
1247,disgusting,11
747,rip,11
1739,leaving,11
1023,amazing,11
2126,tuesday,11
839,discount,11
515,visitors,11
2364,cutting,11
634,costs,11
812,hrs,11
1629,perhaps,11
475,planned,11
2164,mid,11
741,cut,11
664,lived,11
58,greedy,11
1752,wednesday,11
450,mouse,11
1707,bought,11
1112,including,11
31,customers,11
420,simply,11
1845,free,11
1030,fee,11
993,refund,11
1001,crap,11
979,top,11
213,adult,11
897,thousands,11
594,forever,11
934,town,11
2579,planning,11
593,takes,11
1431,mind,11
1528,clearly,10
466,city,10
2231,ate,10
1935,month,10
444,options,10
1714,fl,10
1615,dinner,10
789,refused,10
779,app,10
60,double,10
2945,tours,10
521,means,10
693,cruise,10
1323,joke,10
1702,third,10
1055,constantly,10
2184,sunday,10
1692,regular,10
1436,wheelchair,10
419,sadly,10
562,off,10
1493,cancelled,10
734,mickeys,10
2506,e,10
384,rode,10
929,st,10
959,bus,10
460,comparison,10
616,order,10
506,girl,10
642,purchased,10
1012,recent,10
1370,surprised,10
208,issue,10
927,treat,10
1762,best,10
976,workers,10
1726,nemo,10
1897,idea,10
637,light,10
2834,excited,10
989,phone,10
1049,greed,10
1725,finding,10
801,certainly,10
4700,hamburger,10
1429,issues,10
625,needed,10
70,large,10
1387,stopped,10
995,mention,9
1257,cant,9
1013,known,9
1689,trips,9
1599,watching,9
1450,helpful,9
1560,lined,9
1833,talk,9
2076,again,9
930,gotten,9
1269,missed,9
3483,various,9
2095,ruined,9
1200,thursday,9
2117,locals,9
1754,exit,9
1670,thru,9
1837,shocked,9
2344,unbelievable,9
937,favorite,9
919,snacks,9
1780,disability,9
1905,queuing,9
788,chose,9
1010,sign,9
906,question,9
1793,decorations,9
2214,stars,9
1101,list,9
3420,roped,9
2196,often,9
823,hold,9
2449,garage,9
3306,before,9
1329,closing,9
980,returned,9
827,age,9
2333,ready,9
2110,quickly,9
1666,teens,9
314,picked,9
409,australia,9
224,across,9
228,cart,9
176,que,9
263,opening,9
2957,seats,9
342,man,9
116,boy,9
692,jungle,9
112,gift,9
370,today,9
375,letting,9
380,hated,9
2862,fries,9
543,they,9
609,hr,9
651,answer,9
479,weekday,9
2991,checked,9
714,shorter,9
1919,situation,8
631,hey,8
288,ridiculously,8
2385,booked,8
1348,upon,8
309,snow,8
850,name,8
867,corporate,8
3051,turn,8
1338,fix,8
317,dropped,8
326,oh,8
877,weekends,8
281,friends,8
467,hall,8
2393,massive,8
879,everyday,8
2618,call,8
477,nightmare,8
3650,grad,8
1393,opinion,8
236,ordered,8
1400,might,8
230,corn,8
1046,angry,8
1410,gates,8
1879,saved,8
1425,celebrate,8
1859,pictures,8
818,experienced,8
627,nobody,8
537,choice,8
622,poorly,8
2086,safety,8
2155,overcrowding,8
3494,aaa,8
975,knotts,8
2181,ahead,8
1159,watched,8
2121,complaining,8
1168,railroad,8
1182,liked,8
977,forget,8
983,fault,8
936,otherwise,8
530,electric,8
1077,hungry,8
1213,toilet,8
2081,moment,8
973,shade,8
455,expectations,8
354,lady,8
3204,breakfast,8
1271,restrooms,8
2714,near,8
1274,ups,8
1852,bag,8
1975,san,8
2562,december,8
3231,sons,8
329,drove,8
1954,streets,8
1950,literally,8
888,stupid,8
3237,smile,8
832,sardines,8
1836,group,8
1521,bottle,8
1809,turning,8
1676,chicken,8
40,olds,8
1688,afternoon,8
2854,memories,8
1822,walkways,8
1477,returning,8
1519,head,8
1847,future,8
1698,push,8
39,yr,8
1466,outdated,8
1685,allow,8
1697,everybody,8
1816,attitude,8
1835,longest,8
1602,rate,8
809,tram,8
1810,minnie,8
1983,southern,7
1976,diego,7
2564,garbage,7
1696,yelled,7
1994,map,7
1977,zoo,7
2183,saturday,7
1773,website,7
1687,till,7
896,imagine,7
1298,giving,7
1302,hand,7
1542,visits,7
1779,interested,7
1537,sometimes,7
1086,sounds,7
2448,fire,7
1316,hoping,7
529,consider,7
1319,merchandise,7
1995,location,7
1851,skip,7
138,throughout,7
344,preferred,7
61,capacity,7
3814,screamin,7
957,monorail,7
66,minimal,7
2120,lives,7
1174,boat,7
2114,friday,7
2317,eating,7
89,state,7
553,ran,7
1153,asking,7
3297,chair,7
2138,relations,7
3296,wheel,7
1144,dream,7
1206,entering,7
565,similar,7
2066,towards,7
970,deal,7
1619,closures,7
2036,clean,7
3169,entered,7
1708,advance,7
3039,filthy,7
349,add,7
545,bobsleds,7
180,mad,7
1320,whether,7
2228,pushing,7
1394,wont,7
3883,sick,7
2433,considering,7
2286,foot,7
1483,color,7
1041,talking,7
1535,fantasy,7
2627,miss,7
1673,store,7
516,recently,7
3054,reviews,7
656,kind,7
3878,july,7
2426,popular,7
513,sold,7
639,traveled,7
1468,navigate,7
1874,sitting,7
828,unable,7
644,traveling,7
1037,onto,7
1433,generally,7
2271,berry,7
1860,february,7
819,yelling,7
1465,fantasyland,7
1028,local,7
1850,buying,7
1458,march,7
1382,photographers,7
2128,terror,7
2262,showed,7
1048,size,7
2924,happens,7
776,wifi,7
2813,mistake,7
681,thrill,7
316,pack,7
463,incredibly,7
1683,bathroom,7
3065,section,7
2735,upset,7
2249,began,7
1002,hear,7
1061,looks,7
2255,read,7
2387,coaster,7
1364,helped,7
1908,coasters,7
3329,friend,6
1156,apparently,6
422,expecting,6
480,september,6
2272,farm,6
2194,screaming,6
2665,didnt,6
1710,aware,6
2685,tower,6
1075,crying,6
457,writing,6
2166,row,6
2985,heart,6
2270,hell,6
1040,blocked,6
2203,operating,6
2658,basically,6
1145,horrific,6
1102,disliked,6
1612,case,6
4475,tiana,6
2886,example,6
1647,atmosphere,6
2005,grandchildren,6
390,reality,6
2119,travelled,6
2723,badly,6
2926,thats,6
2725,missing,6
488,throw,6
1520,received,6
1931,terribly,6
310,white,6
1800,anytime,6
2807,suggest,6
1922,gopro,6
302,girls,6
1915,trouble,6
1913,meeting,6
1812,chance,6
1818,comes,6
2736,adventureland,6
259,wanting,6
1481,pick,6
1478,holders,6
2749,dl,6
231,dogs,6
1476,separate,6
225,yrs,6
1423,lifetime,6
2948,careful,6
1862,notice,6
1444,river,6
1448,events,6
3259,complain,6
1947,tomorrowland,6
1318,selling,6
3944,younger,6
2034,normal,6
2692,taste,6
1719,company,6
78,mess,6
2978,mom,6
369,holder,6
1202,downside,6
2098,hope,6
1741,nd,6
3188,numerous,6
1575,center,6
1221,updated,6
3637,camera,6
2704,word,6
128,peter,6
1310,dog,6
129,pan,6
2030,music,6
2020,says,6
348,max,6
1760,information,6
3287,impressed,6
1277,pricing,6
1989,fact,6
3286,legs,6
1289,nights,6
1772,book,6
1294,level,6
2832,staying,6
2274,wants,6
2106,typical,6
604,non,6
3042,riding,6
647,clear,6
617,coffee,6
3043,weeks,6
572,easy,6
2388,repair,6
2366,grew,6
665,nearby,6
2360,chaos,6
754,breaks,6
652,questions,6
2406,handled,6
739,pluto,6
855,write,6
2474,track,6
830,during,6
2516,feet,6
808,drive,6
700,failed,6
534,period,6
561,round,6
2461,roll,6
2543,email,6
2405,dangerous,6
628,loves,6
2363,opportunity,6
591,dining,6
2309,downhill,6
2399,additional,6
2456,seating,6
984,enjoyable,6
2490,patrons,6
590,fine,6
687,drop,6
509,advise,6
1011,slightly,6
848,disneylands,6
573,frozen,6
731,kidding,6
988,allows,6
1181,dumbo,5
2412,arrive,5
944,straight,5
381,job,5
2798,elsewhere,5
608,carousel,5
1494,wet,5
835,enjoyment,5
1980,schedule,5
2376,within,5
2349,fans,5
387,mood,5
2818,guy,5
684,dated,5
2532,hands,5
2827,approx,5
771,childhood,5
774,bothered,5
1969,temporarily,5
1532,indeed,5
2318,display,5
2352,so,5
2967,complained,5
680,favourite,5
392,learn,5
1164,easily,5
679,folks,5
2937,exhausting,5
2443,lack,5
166,los,5
840,discounts,5
791,driving,5
1201,wasnt,5
2431,grounds,5
1192,covered,5
2060,unpleasant,5
2052,paint,5
2049,electrical,5
3642,photographer,5
2893,alot,5
1443,exception,5
2772,hotels,5
2037,guys,5
1863,yesterday,5
2758,expense,5
2342,mr,5
2705,uk,5
2031,sort,5
2011,benches,5
646,handicapped,5
918,k,5
2712,rd,5
2946,surprise,5
2419,cheese,5
2016,out,5
1868,refurbishment,5
2774,advantage,5
2063,woody,5
3874,polite,5
1473,bucket,5
940,signs,5
606,aged,5
907,telling,5
605,xmas,5
2753,x,5
2428,miserably,5
685,tiki,5
4321,discovered,5
2569,toilets,5
4322,winter,5
3034,pleasant,5
4111,concern,5
2974,bigger,5
2085,added,5
1463,beauty,5
810,trams,5
1416,certain,5
928,disgusted,5
2783,charging,5
1856,autograph,5
2561,usa,5
1895,game,5
2314,sandwich,5
456,unhelpful,5
873,window,5
3414,oct,5
1060,ends,5
3412,vendors,5
3248,thousand,5
2384,informed,5
1066,suppose,5
1068,grown,5
1359,pushed,5
994,maxpass,5
1709,obviously,5
1631,handle,5
1610,besides,5
1713,comparing,5
1606,winds,5
2996,coast,5
295,fees,5
698,dad,5
3228,written,5
3734,directed,5
1717,experiences,5
1085,images,5
28,tons,5
3145,sense,5
987,option,5
1016,effort,5
864,women,5
1668,rider,5
2888,learned,5
8,disgruntled,5
1019,wasting,5
1341,response,5
12,addition,5
2641,story,5
2897,scheduled,5
3782,suggested,5
1014,born,5
3751,millions,5
2499,specific,5
3309,beware,5
715,cheaper,5
2508,lucky,5
2900,slice,5
313,hit,5
2625,self,5
1336,act,5
1636,shop,5
476,highlight,5
1718,lights,5
1716,signage,5
696,entertained,5
2849,face,5
1740,shopping,5
2304,rent,5
2734,couldnt,5
4494,tall,5
284,organized,5
2722,fixed,5
1376,lining,5
1377,memory,5
3170,google,5
857,respect,5
143,cheap,5
2843,unfair,5
1767,candy,5
407,bottom,5
2148,beyond,5
2740,renewing,5
2013,wonderland,5
1894,cups,5
431,true,5
2012,alice,5
753,then,5
4019,road,5
1584,previously,5
2303,rented,5
1731,tip,5
2202,compare,5
2527,figure,5
2210,bags,5
1591,viewing,5
2470,blue,5
76,vip,5
72,highly,5
439,meals,5
262,lane,4
1911,playing,4
290,usd,4
200,springs,4
1900,advice,4
2389,thanks,4
833,eventually,4
245,nicer,4
1378,expired,4
2415,increased,4
862,movies,4
2413,unavailable,4
2411,tea,4
1882,county,4
3409,celebrating,4
1883,nostalgic,4
1909,complaints,4
841,provide,4
2955,blocking,4
2751,feeling,4
3255,base,4
3101,mark,4
1414,appears,4
1422,mine,4
1350,removed,4
1349,decide,4
1906,doubt,4
1498,wipe,4
199,radiator,4
2852,fall,4
2856,majority,4
1579,finished,4
2467,january,4
2530,quick,4
1746,normally,4
3909,located,4
124,highlights,4
1570,kingdom,4
1568,exhausted,4
3656,threw,4
2460,jobs,4
2851,periods,4
1561,version,4
3580,posted,4
1757,rethink,4
2838,wild,4
1770,terms,4
2450,distance,4
2858,forth,4
3084,spite,4
1727,submarine,4
1597,approximately,4
1663,ball,4
10,smiles,4
16,ropes,4
2898,firework,4
1691,grandkids,4
1638,step,4
1693,handling,4
1699,corner,4
1701,emergency,4
3686,route,4
704,heck,4
4683,income,4
1620,figured,4
1617,changes,4
2868,cool,4
1605,canceled,4
3331,ramp,4
3355,what,4
1774,previous,4
769,attend,4
796,policy,4
797,accept,4
1480,currently,4
1838,spoke,4
800,machine,4
2938,charm,4
3957,die,4
655,vibe,4
1843,crappy,4
3568,bar,4
2425,boys,4
811,arriving,4
2943,carribean,4
1447,regarding,4
817,slot,4
4056,hi,4
1864,bumping,4
2944,fave,4
3379,handicap,4
1491,heavy,4
772,dreams,4
1495,chairs,4
1534,living,4
2817,tiny,4
2446,fewer,4
3363,dole,4
1792,themed,4
2444,built,4
3594,investment,4
3595,kiddie,4
1516,alright,4
2533,paper,4
786,updating,4
1509,tasted,4
2928,amounts,4
1819,excellent,4
3884,u,4
4198,interest,4
2380,eye,4
1921,note,4
2282,based,4
486,clock,4
2113,fabulous,4
945,luck,4
552,stalls,4
1176,buzz,4
3112,excuse,4
1173,goes,4
1171,forgot,4
1170,toon,4
2598,parent,4
952,putting,4
3026,met,4
2982,tasty,4
398,upgrade,4
962,cram,4
1152,tears,4
2133,alone,4
3774,details,4
2139,reply,4
1183,grizzly,4
1187,chew,4
2006,june,4
2693,busier,4
2972,adventures,4
2338,captain,4
1239,trash,4
3638,sunglasses,4
3201,frontierland,4
2047,reasons,4
2053,amazed,4
2061,meek,4
2071,sidewalk,4
569,ice,4
3607,jumping,4
2091,matters,4
1208,bunch,4
2096,beginning,4
2097,flew,4
938,starts,4
3473,midnight,4
2140,beautiful,4
964,rudely,4
3492,tiring,4
403,difference,4
453,dreamed,4
3533,pricey,4
3777,w,4
3738,miles,4
3520,plain,4
459,wdw,4
3015,easier,4
1059,dead,4
3001,daily,4
2646,rolling,4
2253,item,4
2289,endless,4
2260,fit,4
2628,faster,4
2273,prior,4
484,harbor,4
3006,overrated,4
446,november,4
2994,sucks,4
531,becomes,4
2168,lineups,4
3496,purchasing,4
967,attitudes,4
2157,phones,4
3022,brutal,4
1126,monsters,4
2305,empty,4
3798,beach,4
2170,hyperspace,4
2221,maximize,4
3019,awhile,4
4096,dollar,4
2185,cause,4
1109,witch,4
2197,acceptable,4
1106,frightened,4
2302,wheelchairs,4
3838,board,4
722,rules,4
3771,view,4
1270,organised,4
1948,orleans,4
3984,secret,4
1317,cares,4
3644,file,4
1936,beat,4
596,realize,4
3769,salad,4
3120,despite,4
3421,mediocre,4
1974,seaworld,4
598,hundreds,4
1991,permitted,4
1987,there,4
1290,grand,4
341,grumpy,4
1940,presidents,4
1287,simple,4
323,none,4
874,profit,4
346,office,4
1285,gifts,4
3236,sat,4
1965,nostalgia,4
2354,birthdays,4
2004,public,4
892,cattle,4
614,flying,4
4576,lower,3
2993,decent,3
2215,tom,3
3148,busiest,3
1946,absolute,3
1723,timing,3
2962,seat,3
1910,passed,3
1755,swim,3
2361,opted,3
2233,grotto,3
2392,blame,3
2386,continually,3
2669,tv,3
3129,agent,3
2232,ariels,3
2520,wonder,3
2161,premium,3
2987,increases,3
3082,graduation,3
1903,winnie,3
2212,fantastic,3
2558,vegas,3
2529,weird,3
3085,levels,3
1904,pooh,3
2357,works,3
2672,werent,3
2169,nuts,3
2358,serious,3
2198,funny,3
3168,mentioned,3
1729,replaced,3
3234,table,3
2990,kinda,3
4271,durring,3
4143,indian,3
2356,rain,3
3150,exciting,3
1753,craziness,3
2178,niece,3
4439,hearing,3
1912,games,3
3146,this,3
2284,uncomfortable,3
2877,penny,3
3247,building,3
1918,explain,3
2288,bringing,3
1690,lacks,3
2509,rainy,3
3075,gives,3
3011,trampled,3
2643,queen,3
1684,understatement,3
3136,shutting,3
4453,art,3
2250,fully,3
2370,excitement,3
2372,greet,3
4590,cashier,3
2498,cater,3
3312,planet,3
2381,contact,3
4299,favorites,3
2275,rushed,3
3137,notified,3
2889,lesson,3
4450,somewhat,3
3131,concerns,3
2298,charges,3
2473,keeping,3
3241,conversations,3
3061,insulting,3
2847,disappoint,3
2863,c,3
3115,aside,3
2517,pocket,3
2236,screening,3
4167,justify,3
4279,pretzel,3
2964,fill,3
4464,grandson,3
2614,scooter,3
4442,dozen,3
2515,hoppers,3
2244,offering,3
2621,wow,3
1705,class,3
1704,fair,3
2870,excess,3
2656,setting,3
4280,bun,3
1700,unsafe,3
2383,activities,3
3078,boyfriend,3
3002,statement,3
2457,atrocious,3
3213,plane,3
3023,create,3
2591,earned,3
2546,ruin,3
4112,address,3
2079,embarrassing,3
3032,apparent,3
3261,ear,3
2424,altogether,3
2975,suck,3
2088,tone,3
4211,earlier,3
4668,measured,3
3263,mexican,3
2099,training,3
2330,cup,3
2430,fortune,3
2593,shockingly,3
1880,growing,3
2100,proper,3
2103,impression,3
2494,elbow,3
2787,f,3
1881,orange,3
2432,fairly,3
2109,congestion,3
2791,burgers,3
2070,immediately,3
2547,temporary,3
2782,memorable,3
2067,confused,3
2343,lincoln,3
2951,eurodisney,3
3986,candle,3
2021,actual,3
1867,fight,3
2022,words,3
2418,n,3
2340,occasions,3
2755,trick,3
3040,field,3
2422,charged,3
2423,additionally,3
4123,float,3
3200,america,3
1857,books,3
2045,dreadful,3
1872,interactions,3
2336,whatever,3
2414,deep,3
1875,bench,3
2775,served,3
4125,newer,3
2702,island,3
3095,wide,3
2329,drinking,3
3232,overly,3
2136,granddaughter,3
4509,cleaner,3
2563,insanely,3
2322,abuse,3
2923,disaster,3
4431,definately,3
3024,through,3
3177,common,3
1787,bucks,3
3102,twain,3
3226,holding,3
2825,budget,3
3963,have,3
2931,degree,3
1777,services,3
2721,replace,3
3977,verify,3
2141,allowing,3
2014,attendants,3
2142,buildings,3
2394,overhaul,3
2147,filling,3
2840,mostly,3
2154,adding,3
2913,hype,3
2445,knows,3
3180,according,3
1797,tradition,3
2809,disorganized,3
2112,narrow,3
2715,soarin,3
3955,severely,3
2801,feelings,3
1823,designed,3
1821,numbers,3
4514,routes,3
2345,passholder,3
3052,raised,3
2325,bottles,3
3057,searched,3
2536,shoulders,3
4092,card,3
2979,cafe,3
2806,mechanical,3
3950,wound,3
4628,lighting,3
2720,recommended,3
3253,pool,3
2954,audience,3
2323,corporation,3
3027,sea,3
2742,sidewalks,3
2540,attention,3
1446,acted,3
1079,scooters,3
4846,luggage,3
3552,lately,3
1467,unbearable,3
1464,beast,3
863,men,3
3554,suggestion,3
1455,fried,3
856,countless,3
1445,belle,3
3819,teenage,3
3389,accommodate,3
445,choose,3
3557,counter,3
3471,station,3
3551,august,3
3623,wallet,3
3622,law,3
3560,standards,3
3621,sister,3
473,eldest,3
3869,when,3
3619,headed,3
1212,smelled,3
1402,sent,3
1214,homeless,3
3867,dislike,3
485,blvd,3
1470,american,3
1475,somewhere,3
240,claimed,3
3643,glasses,3
273,meaning,3
1526,letter,3
3364,whip,3
4918,breadsticks,3
282,classic,3
1523,fountains,3
3493,rush,3
921,awesome,3
291,visitor,3
318,process,3
328,begin,3
333,canada,3
890,herded,3
408,travelling,3
887,choices,3
3640,wall,3
356,black,3
1504,bread,3
3375,fake,3
3547,incredible,3
3727,spoiled,3
1497,tables,3
364,cartoon,3
1162,included,3
1496,soaking,3
374,operators,3
3563,therefore,3
490,selfie,3
838,cal,3
3432,attended,3
3423,lockers,3
1312,apple,3
1073,absurd,3
1238,filled,3
3850,former,3
3603,lands,3
3754,listening,3
3753,spots,3
760,desperate,3
4984,patty,3
630,sides,3
756,apology,3
3744,carry,3
834,admissions,3
1297,affordable,3
3582,operator,3
659,changing,3
4980,seven,3
3598,summertime,3
3597,destination,3
1284,popcorn,3
707,darkness,3
3442,jam,3
3585,behavior,3
1268,manageable,3
720,series,3
1324,property,3
585,agree,3
1233,stale,3
3574,overwhelmed,3
829,navigating,3
1219,honestly,3
826,kiddos,3
1380,pulled,3
3614,hassle,3
1220,havent,3
1372,french,3
822,bday,3
3613,airport,3
3404,door,3
821,restroom,3
536,personally,3
3861,suited,3
1356,provided,3
3611,dates,3
541,action,3
3569,code,3
798,passports,3
3416,desire,3
3609,toads,3
3418,horribly,3
3608,parts,3
559,claustrophobic,3
3461,wear,3
570,cream,3
926,thank,3
871,vision,3
237,exact,3
965,minimum,3
1608,quiet,3
1035,queueing,3
1600,disabilities,3
154,bien,3
1105,cry,3
1108,scenes,3
156,las,3
1025,suitable,3
161,de,3
3526,admit,3
1008,mermaid,3
164,es,3
1114,voice,3
3779,heads,3
1003,lilo,3
978,rudest,3
1567,body,3
3713,west,3
181,para,3
1609,teenagers,3
3326,performance,3
136,helps,3
44,catch,3
4,decades,3
1081,safe,3
15,crossing,3
1082,crowding,3
1067,glad,3
4895,all,3
1093,evil,3
1051,height,3
101,smoking,3
130,flight,3
1643,witnessed,3
1045,created,3
1095,spooky,3
1635,noon,3
1634,eve,3
1044,result,3
1632,obvious,3
125,include,3
3715,celebration,3
1267,general,3
3346,reach,3
3657,stairs,3
947,nowhere,3
3538,tend,3
3353,seated,3
229,sells,3
950,doors,3
1543,caught,3
948,tight,3
1540,granddaughters,3
219,six,3
946,follow,3
3900,whatsoever,3
955,mile,3
1131,eyes,3
4393,washrooms,2
4458,stitch,2
2451,arrival,2
4435,tomorrow,2
2326,pieces,2
2453,was,2
4457,signing,2
3090,reliving,2
2455,admittance,2
4461,goofys,2
2251,extended,2
2458,communications,2
3756,positive,2
2447,attendance,2
768,improve,2
3141,cristo,2
3571,attendant,2
794,alcoholic,2
793,id,2
2434,mass,2
2435,rated,2
3140,monte,2
2437,gas,2
3094,technology,2
785,untidy,2
903,to,2
3092,smacked,2
3541,diamond,2
3091,gob,2
775,maxipass,2
4919,sauce,2
1050,key,2
4962,picnic,2
4428,marketing,2
2487,laurels,2
2478,risk,2
2479,ski,2
3079,saving,2
737,sudden,2
3077,disappoints,2
3076,quicker,2
4376,availability,2
2486,resting,2
733,rooms,2
4898,blah,2
3584,childs,2
4067,malfunctions,2
724,energy,2
2337,riverboat,2
2497,exist,2
2331,globe,2
4466,degrees,2
939,freeway,2
4382,attendees,2
2475,stressful,2
740,nap,2
3583,mother,2
3539,slowed,2
3088,fav,2
757,utter,2
2248,device,2
3784,entitled,2
2245,insisted,2
752,unacceptable,2
4916,mt,2
3083,random,2
924,sarcasm,2
2242,begging,2
2241,discard,2
2240,extend,2
748,tonight,2
4465,hyped,2
2238,handheld,2
2472,maximum,2
4040,curtain,2
2264,rule,2
4425,race,2
4044,famous,2
3555,requirement,2
2316,dry,2
982,stolen,2
997,mtn,2
1000,most,2
3130,voiced,2
2296,uber,2
852,stuidos,2
2293,million,2
3108,p,2
3780,amber,2
851,hollywood,2
883,goods,2
3558,directions,2
3559,annually,2
4051,strangers,2
2397,facilities,2
860,artists,2
2382,timers,2
3528,creepy,2
3536,breath,2
3548,apart,2
2367,fantasies,2
4045,standard,2
2501,confusing,2
2371,higher,2
4437,suite,2
870,walts,2
2373,sight,2
966,wage,2
4047,retire,2
972,slammed,2
3128,tree,2
4049,twins,2
2379,smiled,2
881,inefficient,2
2315,meat,2
3553,omg,2
4408,racers,2
2359,estimated,2
3570,penalized,2
2416,goodness,2
2417,mac,2
824,ears,2
4923,churros,2
2351,names,2
1032,wages,2
1034,whilst,2
954,quarter,2
1036,spilled,2
2269,resolve,2
3542,rating,2
3761,receipt,2
805,fade,2
2267,product,2
3523,commercialism,2
2265,enforced,2
4436,br,2
2427,repairs,2
4042,sing,2
1027,upwards,2
2400,moves,2
1026,shocking,2
960,air,2
2401,complicated,2
2283,spoil,2
2403,exchange,2
4432,for,2
3524,promotes,2
2281,neither,2
3765,oasis,2
2280,relax,2
1662,failing,2
3562,force,2
843,happiness,2
2278,piece,2
2277,stations,2
3099,underwhelmed,2
886,healthy,2
2332,country,2
3764,aladdins,2
3313,portions,2
2502,passing,2
4230,personnel,2
221,cindy,2
220,flags,2
4226,eo,2
201,racer,2
3653,loose,2
2950,tokyo,2
4224,lacked,2
2947,clue,2
2765,unbelievably,2
4219,regularly,2
2768,pulling,2
5044,sewer,2
3658,walkway,2
188,se,2
3659,aka,2
3660,seconds,2
3661,unecceptable,2
2942,incorporate,2
2779,issued,2
2780,particular,2
2939,build,2
178,tanto,2
2786,skipped,2
4127,surprisingly,2
2790,honeymoon,2
227,red,2
2746,sell,2
4207,overweight,2
2745,bump,2
371,feb,2
2697,overwhelming,2
2698,okay,2
3726,ease,2
358,named,2
2703,bear,2
4113,restraint,2
2709,internet,2
2710,data,2
2711,roaming,2
3641,prescription,2
343,parked,2
2718,variety,2
2966,jedi,2
3645,report,2
2724,impatient,2
319,handed,2
2961,cinema,2
4237,babies,2
285,maintained,2
278,effect,2
2959,desired,2
4120,speak,2
2741,toy,2
2744,hopefully,2
3667,department,2
2935,web,2
3632,avid,2
148,beverages,2
4174,fourth,2
115,knocked,2
2855,limits,2
111,getaway,2
4172,pop,2
107,sometime,2
2909,military,2
3683,outs,2
4168,favor,2
45,glimpse,2
3697,chips,2
2869,masses,2
34,attached,2
2905,flag,2
4163,remains,2
4162,introduction,2
2903,wind,2
2879,shouted,2
2880,lasted,2
2882,historical,2
2899,feed,2
18,why,2
2885,harder,2
3694,showing,2
3690,elses,2
2848,darn,2
4175,sleeping,2
4203,buck,2
4141,pity,2
5058,crowed,2
3669,eg,2
2803,decked,2
169,uno,2
2927,silly,2
2810,reward,2
163,horas,2
4194,cleaned,2
3674,crammed,2
3705,fat,2
4190,bummer,2
2920,loaded,2
4136,painted,2
2824,patience,2
3703,via,2
2826,appreciate,2
4183,compensation,2
2831,til,2
2916,led,2
2915,downs,2
2836,milk,2
2839,sugar,2
3681,grandparents,2
3699,reasonable,2
4177,refurbished,2
3728,tries,2
2980,starbucks,2
4072,aimed,2
4348,californian,2
3047,ducks,2
615,elephants,2
613,foe,2
610,q,2
3044,locker,2
2567,cans,2
4987,gray,2
597,pain,2
3041,realized,2
2572,dust,2
3605,indy,2
2574,evident,2
4332,staffs,2
3036,pouring,2
4991,lettuce,2
4328,carnival,2
3033,excessively,2
4089,properly,2
4323,exorbitant,2
556,romas,2
2592,cash,2
555,tony,2
2594,sky,2
2595,aging,2
4994,soggy,2
2553,severe,2
632,upgraded,2
2599,rank,2
3601,evenings,2
3066,losing,2
719,smiling,2
717,crabby,2
4364,rollercoasters,2
710,visible,2
3586,rampant,2
2510,unfortunate,2
3064,flow,2
699,jokes,2
4359,once,2
4358,cove,2
2522,photopass,2
2523,download,2
2525,jan,2
2526,receive,2
694,driver,2
2528,maintain,2
3747,joanne,2
688,roof,2
2534,towels,2
2535,shrugged,2
2537,play,2
4078,suddenly,2
654,answers,2
2544,continue,2
4995,resembling,2
2601,nose,2
393,workplace,2
3000,rains,2
2652,movie,2
4105,melt,2
471,organise,2
2657,drunk,2
458,loyal,2
2997,celebrity,2
2661,forcing,2
454,up,2
2995,east,2
441,interacting,2
2992,understandable,2
3626,twenty,2
3731,direct,2
4270,knocking,2
2673,disapointed,2
416,encourage,2
2989,annoyed,2
2988,switch,2
2677,traditional,2
2678,searching,2
2679,god,2
3630,helping,2
2681,granted,2
2986,passholders,2
4262,personal,2
2651,odd,2
4284,burnt,2
4316,gay,2
4286,cared,2
4093,belive,2
542,tracks,2
4311,maintanance,2
4094,multi,2
535,scheme,2
2615,riders,2
3016,decorated,2
3615,john,2
4100,happening,2
2623,struggle,2
2624,attempt,2
5004,gross,2
3736,kick,2
3618,welcome,2
507,strong,2
2629,under,2
2630,cover,2
4296,highest,2
4103,burger,2
3007,heaven,2
3005,arizona,2
3004,ignore,2
481,hoped,2
4289,booth,2
4287,pin,2
3741,shadow,2
1024,selection,2
1080,intense,2
3294,vowed,2
3908,co,2
1811,everytime,2
2024,shirts,2
3209,indefinitely,2
3208,bayou,2
2028,heroes,2
1573,partially,2
3836,specifically,2
3990,related,2
1577,barricaded,2
1744,limiting,2
1386,autistic,2
4697,awsome,2
3833,kicked,2
2035,very,2
1893,everthing,2
1240,shaded,2
2038,infrastructure,2
1249,billion,2
3837,listed,2
1749,thoroughly,2
3449,im,2
4596,luxury,2
3214,the,2
3343,floor,2
4597,extreme,2
3212,angeles,2
3906,tells,2
3443,execs,2
4598,hamburgers,2
3444,brand,2
1565,bank,2
1381,professional,2
3939,serves,2
4550,yuck,2
3938,intentionally,2
1253,ripped,2
1252,shoot,2
2019,cinderella,2
3991,elsa,2
3992,anna,2
1216,dull,2
2069,ect,2
3463,dress,2
1399,significant,2
1736,horror,2
3999,cranky,2
3826,worker,2
3825,father,2
2068,stops,2
1583,shine,2
1734,partner,2
1389,providing,2
1585,assistance,2
4528,mon,2
3298,organization,2
2073,yell,2
2077,you,2
3190,reported,2
3467,credit,2
3398,equally,2
2062,embarrasses,2
3827,blood,2
1229,peanuts,2
4531,commercial,2
1813,nope,2
3199,rivers,2
3829,rise,2
2046,frankly,2
3828,pressure,2
3338,carts,2
2050,sucked,2
4765,split,2
2051,seasons,2
1815,ya,2
3460,castmembers,2
3994,friendliness,2
1581,immaculate,2
1392,comments,2
3996,conversation,2
1885,brings,2
2058,forty,2
3345,send,2
3439,escape,2
4556,presentation,2
1959,checking,2
1789,technical,2
1344,ada,2
1953,bodies,2
1920,listen,2
1083,sensitive,2
3949,childrens,2
4794,multitude,2
1958,village,2
3428,roping,2
3982,dozens,2
3281,rained,2
1352,indicating,2
3413,nightly,2
1916,continuously,2
3858,decision,2
1962,experts,2
3359,tick,2
3976,cinderellas,2
1313,slices,2
1314,prefer,2
3280,coat,2
4580,inline,2
1515,wine,2
1933,venture,2
4586,g,2
1803,renew,2
1335,math,2
1332,boarding,2
1937,madness,2
3365,accidentally,2
1798,wrote,2
1796,germany,2
4788,economy,2
1925,confiscated,2
1941,sheer,2
3246,halfway,2
3946,con,2
1923,extension,2
3972,bbq,2
1805,ghetto,2
1781,disappeared,2
3431,wee,2
1986,protection,2
1279,pathetic,2
3222,operation,2
4805,kill,2
3403,malfunction,2
3437,oversold,2
1371,breakdown,2
1808,plants,2
1992,recharge,2
1375,warned,2
3288,ham,2
3980,com,2
4595,package,2
4807,leaves,2
1763,info,2
1996,outlet,2
3347,thirty,2
4559,baby,2
3863,lovelyplace,2
3223,mornings,2
3860,down,2
1984,resident,2
4568,its,2
3285,turkey,2
4718,autopia,2
3225,rope,2
1972,traveller,2
3978,fed,2
4801,woman,2
1295,raise,2
1775,reviewer,2
3846,vulnerable,2
1979,guide,2
1283,passport,2
3898,scream,2
4638,teacups,2
1981,soaked,2
1982,renewed,2
3436,humid,2
4760,calif,2
2075,cuts,2
3804,apps,2
1121,chasing,2
3954,bride,2
1853,search,2
3167,closes,2
1118,noises,2
1484,dessert,2
1686,power,2
3165,motel,2
1648,pressed,2
3164,bonus,2
3385,swept,2
1649,warm,2
1094,witches,2
4013,daisy,2
3795,remembered,2
2179,nephew,2
4014,duck,2
4024,oregon,2
3507,apologize,2
3797,ill,2
1116,loud,2
3320,fighting,2
1694,directing,2
3172,stores,2
1135,imagination,2
1858,autographs,2
4501,touch,2
1132,boulder,2
4522,students,2
3147,avoided,2
4500,cell,2
3171,forced,2
2160,and,2
1639,stepping,2
1641,congested,2
3875,thus,2
3386,if,2
1127,youngest,2
3799,renovated,2
1682,horrendous,2
3930,handing,2
3953,hawaii,2
3262,minimize,2
3791,yearly,2
1652,worn,2
4472,hurry,2
1492,pour,2
4476,songs,2
2206,delays,2
1654,smelly,2
3956,typically,2
3316,soup,2
3789,admitted,2
1657,junk,2
2211,nonetheless,2
1474,wise,2
2213,dland,2
4891,detail,2
1660,accessible,2
2216,sawyer,2
1104,caused,2
3267,renovation,2
2218,ship,2
3792,proposed,2
3269,decor,2
1651,loosing,2
1679,pasta,2
3794,perfect,2
1113,cackling,2
1462,luckily,2
2186,smallest,2
3159,fairy,2
4016,breakdowns,2
2189,plans,2
1831,chosen,2
4483,fixing,2
4018,do,2
4481,talked,2
3692,expire,2
2195,runs,2
1110,pinocchio,2
2152,upped,2
1669,research,2
1175,tour,2
1878,valued,2
3475,moved,2
3301,agreed,2
2108,designated,2
1084,frightening,2
3477,vehicle,2
3817,prevent,2
2111,layout,2
1185,inc,2
3257,absurdly,2
1184,rapids,2
1426,wifes,2
1596,seniors,2
2116,grads,2
2227,husbands,2
1177,lightyear,2
4513,expectation,2
2149,comfortable,2
2105,thrilled,2
1502,desserts,2
2104,fanatic,2
1590,spaces,2
1505,sticks,2
1215,lame,2
4468,trek,2
4521,easter,2
1820,manage,2
3394,competitions,2
1589,reserved,2
1419,express,2
3181,projections,2
4654,internal,2
1207,leading,2
4690,tips,2
4842,hundred,2
1722,uses,2
3256,ability,2
3182,secondary,2
1087,as,2
1169,rollercoaster,2
1601,reduced,2
1861,continued,2
3305,assist,2
2137,emailed,2
3489,patient,2
1148,laughing,2
3325,thanksgiving,2
2230,unorganized,2
3807,dance,2
1627,reduction,2
1623,ugly,2
3175,checks,2
1628,increase,2
3174,important,2
1630,cap,2
3390,larger,2
3920,tix,2
3498,identical,2
2135,enjoying,2
2224,join,2
4657,solved,2
1158,brother,2
1428,health,2
4512,conference,2
4755,resturant,2
1161,happier,2
3785,kicker,2
1434,required,2
1500,plastic,2
3485,memorabilia,2
1439,discussing,2
2130,az,2
1865,squeeze,2
3272,stopping,2
3932,ruled,2
2132,excessive,2
4737,misty,2
2134,grandchild,2
4839,mcdonalds,2
4109,recalling,1
4117,choking,1
3882,arounld,1
3724,clouds,1
3887,share,1
3722,aswell,1
3723,nevermind,1
3890,wal,1
4110,donald,1
3889,blaring,1
3888,blues,1
4116,throat,1
4115,accross,1
3886,occupy,1
3725,crewmembers,1
3951,married,1
4114,strap,1
3885,vacsean,1
4118,released,1
3952,honeymooned,1
3891,mart,1
4128,target,1
3721,wondered,1
3934,aggressive,1
3917,automatons,1
4140,schedulaed,1
3933,passive,1
3700,maze,1
3916,teflon,1
3701,cent,1
4139,concerned,1
3915,supervisors,1
3702,confirmation,1
4138,purpose,1
3892,secondly,1
4137,arguing,1
3914,patiently,1
4135,owners,1
4134,south,1
3935,psycops,1
3704,pst,1
3913,practice,1
3936,rep,1
3912,meanwhile,1
3918,pat,1
3919,b,1
4142,materhorn,1
3931,pamphlet,1
4150,kissed,1
4149,hurriedly,1
3927,concerning,1
3926,misdirection,1
3925,preferable,1
3695,wood,1
3928,verifying,1
4148,thereafter,1
3696,nuggets,1
4147,shortly,1
3929,individual,1
4146,newsie,1
3924,en,1
4145,streetcar,1
3923,prospective,1
3698,deceptive,1
4144,hits,1
3922,ground,1
3921,discriminate,1
4133,suites,1
3706,accessing,1
3707,chat,1
3716,blankets,1
3901,sorely,1
3717,shoes,1
4124,traditionals,1
3899,lift,1
3897,stares,1
3896,unloaded,1
4122,souvenires,1
3943,inexplicably,1
3718,slumped,1
3895,initially,1
3945,trained,1
3894,painful,1
3893,mentally,1
4121,festive,1
3719,hastily,1
3720,dreamt,1
3947,dime,1
3948,psychology,1
4119,addressing,1
3902,aunts,1
3903,rarely,1
3708,automatic,1
3904,jovial,1
3911,heading,1
3709,replacement,1
4132,embassy,1
3910,owned,1
4131,smartened,1
3710,joins,1
4130,paraphernalia,1
4129,flat,1
3881,measles,1
3937,interpretation,1
3711,cycles,1
3712,declined,1
3714,observed,1
3907,belligerent,1
4126,boyfriends,1
3905,managing,1
3940,confuse,1
3941,method,1
3942,acquiring,1
4108,sopposed,1
4085,readythat,1
3729,backtracking,1
3820,dealing,1
4054,averaged,1
4053,junky,1
4003,boondocks,1
3822,cutters,1
4004,aggravation,1
4005,overpricing,1
4052,wranglers,1
4006,routed,1
3821,jumpers,1
4050,bussed,1
3766,consisted,1
4055,kailua,1
3818,vacationing,1
4048,parki,1
3816,sporadic,1
3815,attempted,1
4046,totalling,1
3813,pic,1
3767,microwaved,1
3768,lasagna,1
4007,fresh,1
3812,clicking,1
4002,shuffled,1
3823,ram,1
3811,ques,1
3759,duped,1
4062,yummy,1
4061,hectic,1
3832,kicking,1
4060,closer,1
3755,guarantee,1
3831,vs,1
3830,battle,1
3757,seemingly,1
3993,exclude,1
3758,overlooked,1
3995,exceptional,1
4001,usefulness,1
4059,reunion,1
3997,disturbing,1
3760,advertized,1
4058,sylmar,1
3998,title,1
3762,mislead,1
4057,francisco,1
3824,lead,1
3763,believed,1
4000,outlived,1
4008,californians,1
4043,ceasers,1
4107,laugh,1
4022,playground,1
4033,embarrassed,1
4032,hip,1
4031,dragging,1
4030,toooooooooo,1
4015,shake,1
3781,possibly,1
4017,launch,1
3793,inviting,1
4020,giant,1
4021,revoke,1
4029,index,1
3778,peoples,1
3790,suckered,1
4023,babysat,1
4028,crown,1
3788,gentleman,1
3787,bomb,1
4027,scientist,1
4026,rocket,1
3783,obstructed,1
3786,those,1
4025,gd,1
4012,ventured,1
3776,fifteen,1
3770,cheesecake,1
3805,mousewait,1
3810,plague,1
4041,narrators,1
3772,fifth,1
3809,extravagant,1
3808,conventions,1
4039,convention,1
4009,refuse,1
3806,predictors,1
3773,digestible,1
4038,shipped,1
4010,hearted,1
3775,implies,1
4037,ehhhh,1
3803,increasingly,1
4036,basic,1
3802,opps,1
3801,adorable,1
3800,profiting,1
4035,latter,1
3796,remodeling,1
4034,ashamed,1
4011,constructing,1
3834,curt,1
3835,encounter,1
3989,exceeding,1
4091,playmy,1
3737,utterly,1
4099,timeframe,1
4098,addicted,1
3864,hostest,1
4097,agin,1
3862,bout,1
4095,billon,1
3859,skeptical,1
3857,inform,1
3739,cab,1
3856,sparethe,1
3865,vaca,1
3966,headaches,1
3967,sufficient,1
3968,specials,1
3855,weigh,1
3969,finish,1
4090,complainthey,1
3854,advisor,1
3970,lassiter,1
4088,regulate,1
3740,indefinite,1
3965,environment,1
3964,soooooooo,1
3988,travelers,1
3872,overreacting,1
3880,iwent,1
3958,escapes,1
3879,greetings,1
3877,ultimate,1
3959,male,1
3876,hospitality,1
3730,hordes,1
3732,exits,1
3733,forego,1
3873,manner,1
3960,female,1
4101,exaggerating,1
4106,hahah,1
3871,formed,1
3870,newly,1
3961,regardless,1
3735,permit,1
3868,inattentive,1
4104,melted,1
3962,zombies,1
3866,timeless,1
4102,diner,1
4087,ridei,1
4086,heatmy,1
3971,membershowed,1
3985,sprayed,1
3750,colourful,1
4074,duplicates,1
4073,downwards,1
3752,timer,1
3844,moneys,1
3981,likely,1
3983,nevar,1
3843,mmaintenance,1
4071,helpfull,1
3842,manh,1
4070,treatment,1
3853,allare,1
4069,correct,1
4068,sir,1
4066,angles,1
4065,honostly,1
3841,agravation,1
3840,questionable,1
3839,frequenting,1
4064,iwasin,1
3987,wast,1
4063,befor,1
3749,quieter,1
3979,mousesavers,1
3748,tues,1
4075,muslim,1
3973,slooooooow,1
3852,hosts,1
3851,critic,1
3974,servicepoor,1
4084,earlyand,1
3742,freak,1
4083,priority,1
4082,yetbut,1
3849,todays,1
4081,treatmentinstead,1
3975,mgmt,1
3848,properties,1
4080,interrupted,1
3743,negatives,1
4079,reporting,1
3847,tourist,1
4077,zabiha,1
3845,unsuspecting,1
3745,scan,1
3746,hello,1
4076,halal,1
4151,pineapple,1
4612,entrances,1
4152,whips,1
4783,cons,1
4785,selected,1
4786,social,1
4787,raising,1
4789,isntead,1
4790,reacher,1
4791,disent,1
4792,fullfilled,1
4793,drag,1
4795,napoli,1
4796,installed,1
4797,chargers,1
4798,camcorder,1
4799,hatter,1
4800,trully,1
4802,upstairs,1
4803,rocks,1
4804,int,1
4806,worried,1
4808,slots,1
4809,miniature,1
4810,golf,1
4784,repeat,1
4782,scenery,1
4812,pics,1
4781,pros,1
4758,bobbidity,1
4759,boutique,1
4761,fairytales,1
4762,repetitive,1
4763,souveniours,1
4764,aced,1
4766,logic,1
4767,drawback,1
4768,redeem,1
4769,realistic,1
4770,demand,1
4771,stamped,1
4772,compares,1
4773,clifornia,1
4774,respond,1
4775,fraudulent,1
4776,expedia,1
4777,hpoe,1
4778,each,1
4779,tooooo,1
4780,lovely,1
4811,tweens,1
4813,soda,1
4756,ur,1
4838,ideal,1
4841,reenter,1
4843,kitchen,1
4844,liquid,1
4845,floating,1
4847,dirtysmelly,1
4848,shoving,1
4849,pr,1
4850,expersive,1
4851,cheaped,1
4852,mike,1
4853,eisner,1
4854,lipstick,1
4855,pig,1
4856,anaslime,1
4857,cloudy,1
4858,collect,1
4859,screemin,1
4860,succeeded,1
4861,greatness,1
4862,denied,1
4863,enought,1
4840,dennys,1
4837,pointers,1
4814,bearly,1
4836,creating,1
4815,that,1
4816,exposed,1
4817,caliber,1
4818,honesty,1
4819,integrity,1
4820,dealings,1
4821,goosebumps,1
4822,nightavoid,1
4823,sandals,1
4824,counterpart,1
4825,ghuestt,1
4826,parkling,1
4827,overcast,1
4828,moms,1
4829,teanagers,1
4830,dissappoints,1
4831,empire,1
4832,bakery,1
4833,croissant,1
4834,approve,1
4835,chinese,1
4757,bibbety,1
4754,potatoe,1
4865,sights,1
4674,waaaaaay,1
4676,repleat,1
4677,idiots,1
4678,lucasland,1
4679,crushed,1
4680,greeting,1
4681,blind,1
4682,viable,1
4684,revised,1
4685,current,1
4686,condition,1
4687,itty,1
4688,bitty,1
4689,touringplans,1
4691,aladin,1
4692,dca,1
4693,nab,1
4694,grading,1
4695,ive,1
4696,needing,1
4698,sept,1
4699,lineup,1
4675,grow,1
4673,an,1
4702,hubby,1
4672,measures,1
4648,monster,1
4649,cute,1
4650,deteriorates,1
4651,dj,1
4652,internally,1
4653,categorized,1
4655,spider,1
4656,webs,1
4658,caribean,1
4659,billions,1
4660,passengers,1
4661,nov,1
4662,ten,1
4663,headway,1
4664,opposite,1
4665,slower,1
4666,computer,1
4667,printing,1
4669,midddle,1
4670,cooperate,1
4671,initial,1
4701,silver,1
4703,reg,1
4753,sweet,1
4729,disrepectful,1
4731,vender,1
4732,caramel,1
4733,apples,1
4734,volume,1
4735,ladies,1
4736,beating,1
4738,truth,1
4739,strife,1
4740,corruption,1
4741,fantistic,1
4742,bottled,1
4743,establishments,1
4744,ticketsbeing,1
4745,blan,1
4746,peple,1
4747,rich,1
4748,turing,1
4749,coe,1
4750,admin,1
4751,quainter,1
4752,triple,1
4730,papers,1
4728,boiling,1
4704,overdone,1
4727,kiddo,1
4705,centre,1
4706,residential,1
4707,friendlyand,1
4708,ordinary,1
4709,caution,1
4710,aficionado,1
4711,cypress,1
4712,mary,1
4713,wagons,1
4714,ticketing,1
4715,wer,1
4716,dined,1
4717,youre,1
4719,inch,1
4720,electriic,1
4721,overi,1
4722,princesss,1
4723,godmothers,1
4724,chewed,1
4725,ignored,1
4726,whisper,1
4864,dare,1
4866,chistmas,1
4153,trend,1
5006,irritated,1
5008,pins,1
5009,slim,1
5010,helper,1
5011,description,1
5012,daughther,1
5013,tickled,1
5014,gal,1
5015,hug,1
5016,exceeded,1
5017,experince,1
5018,pays,1
5019,squeezing,1
5020,penney,1
5021,grandmas,1
5022,buzy,1
5023,depressed,1
5024,breed,1
5025,membership,1
5026,adjacent,1
5027,refreshments,1
5028,cokes,1
5007,trader,1
5005,debating,1
5030,dressings,1
5003,enternainment,1
4976,vacations,1
4977,my,1
4978,outlawed,1
4979,entertaining,1
4981,stumbled,1
4982,haus,1
4983,inspected,1
4985,wierd,1
4986,bluish,1
4988,thawed,1
4989,lamp,1
4990,slapped,1
4992,yellowish,1
4993,brown,1
4996,noodles,1
4997,thoughts,1
4998,reluctantly,1
4999,basket,1
5000,rediculously,1
5001,biscuit,1
5002,condiments,1
5029,dorm,1
5031,cafeteria,1
4974,rapunzel,1
5057,extreemly,1
5060,awefullget,1
5061,clarify,1
5062,replicas,1
5063,dissapointment,1
5064,cramming,1
5065,possibilities,1
5066,seasson,1
5067,visitng,1
5068,minor,1
5069,amusemnt,1
5070,fastlane,1
5071,nigthmere,1
5072,attractionss,1
5073,queued,1
5074,jilted,1
5075,understanding,1
5076,speed,1
5077,remained,1
5078,spirits,1
5079,nieces,1
5080,unhappiness,1
5059,attaractions,1
5056,animal,1
5032,style,1
5055,avoiding,1
5033,relaxation,1
5034,fell,1
5035,toontown,1
5036,nurse,1
5037,hospital,1
5038,escort,1
5039,taxi,1
5040,cancel,1
5041,cynical,1
5042,interesting,1
5043,feared,1
5045,smelling,1
5046,fuss,1
5047,abouti,1
5048,voucher,1
5049,jack,1
5050,sparrow,1
5051,johnnie,1
5052,depp,1
5053,distain,1
5054,sincerity,1
4975,guaranteed,1
4973,oldest,1
4867,ark,1
4892,cleanliness,1
4894,recommending,1
4896,ta,1
4897,dear,1
4899,coin,1
4900,imo,1
4901,sunscreen,1
4902,everyonei,1
4903,allergic,1
4904,wheat,1
4905,chef,1
4906,gluten,1
4907,clinic,1
4908,tickety,1
4909,marked,1
4910,zealous,1
4911,dispense,1
4912,barbecue,1
4913,ribs,1
4914,hokey,1
4915,vocal,1
4917,epcot,1
4893,disneylandfantastic,1
4890,inexpensive,1
4921,seasonings,1
4889,directional,1
4868,nerves,1
4869,veryvery,1
4870,diisneyland,1
4871,rollover,1
4872,spoint,1
4873,racing,1
4874,prehaps,1
4875,produced,1
4876,frightfully,1
4877,ammusement,1
4878,satisfies,1
4879,rested,1
4880,reliance,1
4881,soak,1
4882,waking,1
4883,hispanics,1
4884,heimlichs,1
4885,phineas,1
4886,ferbs,1
4887,rockin,1
4888,invisible,1
4920,tomato,1
4922,guilty,1
4972,tostada,1
4948,port,1
4950,midafternoon,1
4951,golden,1
4952,horseshoe,1
4953,starving,1
4954,bowl,1
4955,clam,1
4956,chowder,1
4957,cookie,1
4958,beside,1
4959,tray,1
4960,aladdin,1
4961,register,1
4963,exactly,1
4964,spectacular,1
4965,worthless,1
4966,copped,1
4967,forged,1
4968,socal,1
4969,anyways,1
4970,paddling,1
4971,canoes,1
4949,kings,1
4947,becoming,1
4924,pinocchios,1
4946,college,1
4925,cooking,1
4926,tends,1
4927,damper,1
4928,dooped,1
4929,grandchildrens,1
4930,dec,1
4931,netted,1
4932,developmental,1
4933,suspect,1
4934,appealing,1
4935,spacemountain,1
4936,stark,1
4937,contrast,1
4938,insensitive,1
4939,stepped,1
4940,design,1
4941,manuver,1
4942,smash,1
4943,oo,1
4944,weapons,1
4945,recession,1
4647,enchanted,1
4646,scoped,1
4645,solution,1
4308,decency,1
4310,avaiable,1
4312,favorates,1
4313,carried,1
4314,stone,1
4315,cheer,1
4317,blasting,1
4318,livid,1
4319,pride,1
4320,yo,1
4324,anger,1
4325,pleasure,1
4326,speaking,1
4327,lieu,1
4329,wrapped,1
4330,marker,1
4331,dancers,1
4333,benefits,1
4334,maintaining,1
4335,fa,1
4336,ade,1
4337,wonderful,1
4309,seeking,1
4307,critical,1
4339,tmi,1
4306,reinvest,1
4277,clientelle,1
4278,sausage,1
4281,wth,1
4282,glaring,1
4283,decline,1
4285,uninterested,1
4288,trading,1
4290,ole,1
4291,slap,1
4292,disgust,1
4293,bells,1
4294,whistles,1
4295,ultimately,1
4297,reputation,1
4298,attracts,1
4300,pointed,1
4301,wrist,1
4302,nerve,1
4303,braking,1
4304,tomarrowland,1
4305,yesterdayland,1
4338,sisters,1
4340,multilevel,1
4275,fro,1
4369,mountaincasey,1
4371,availabilty,1
4372,retracing,1
4373,path,1
4374,consumer,1
4375,cavan,1
4377,explaining,1
4378,manager,1
4379,grant,1
4380,status,1
4381,protecting,1
4383,preventive,1
4384,eliminate,1
4385,perform,1
4386,goers,1
4387,climb,1
4388,smug,1
4389,uncaring,1
4390,opposed,1
4391,focussed,1
4392,facility,1
4394,absence,1
4370,railroadmonorail,1
4368,railroadsplash,1
4341,orchestrated,1
4367,superior,1
4342,impatience,1
4343,favorute,1
4344,snows,1
4345,deals,1
4346,supper,1
4347,native,1
4349,jab,1
4350,bamboo,1
4351,finger,1
4352,nails,1
4353,manicured,1
4354,nephews,1
4355,tide,1
4356,pools,1
4357,crystal,1
4360,maintainance,1
4361,necessary,1
4362,boats,1
4363,panicked,1
4365,journeys,1
4366,proceded,1
4276,existent,1
4274,disrepair,1
4644,infant,1
4186,shameful,1
4188,disgrace,1
4189,motherd,1
4191,unescorted,1
4192,misbehaving,1
4193,misbehave,1
4195,automatically,1
4196,matahorn,1
4197,disgustingly,1
4199,bard,1
4200,exited,1
4201,bruises,1
4202,bang,1
4204,reading,1
4205,resources,1
4206,post,1
4208,raskel,1
4209,losses,1
4210,thief,1
4212,upper,1
4213,manila,1
4214,foremost,1
4187,naive,1
4185,earns,1
4216,voyage,1
4184,disregard,1
4154,unfriendly,1
4155,quoting,1
4156,statements,1
4157,delayed,1
4158,responsibility,1
4159,infants,1
4160,grownups,1
4161,oldies,1
4164,too,1
4165,randomly,1
4166,frequently,1
4169,conclusion,1
4170,frugal,1
4171,dived,1
4173,sink,1
4176,arms,1
4178,fab,1
4179,exiting,1
4180,official,1
4181,announce,1
4182,explanation,1
4215,minds,1
4217,whats,1
4273,commercials,1
4247,opens,1
4249,purse,1
4250,zero,1
4251,sticking,1
4252,mountainwas,1
4253,functioning,1
4254,innovations,1
4255,smazing,1
4256,ga,1
4257,differently,1
4258,disrespectful,1
4259,arguments,1
4260,biased,1
4261,outright,1
4263,ariel,1
4264,abounds,1
4265,present,1
4266,santa,1
4267,neighbor,1
4268,savings,1
4269,financing,1
4272,desk,1
4248,block,1
4246,dot,1
4218,heartbroken,1
4245,van,1
4220,staffed,1
4221,toboggan,1
4222,beautification,1
4223,above,1
4225,disinterested,1
4227,played,1
4228,theatre,1
4229,unusually,1
4231,private,1
4232,forum,1
4233,substantial,1
4234,suffice,1
4235,advertising,1
4236,hugest,1
4238,lonnnnngggggg,1
4239,parties,1
4240,disclaimer,1
4241,some,1
4242,india,1
4243,gadgets,1
4244,washington,1
4395,scaled,1
4396,proclaimed,1
4397,complacent,1
4558,weekdays,1
4561,accident,1
4562,chances,1
4563,dlr,1
4564,blatantly,1
4565,gridlocked,1
4566,focus,1
4567,ranged,1
4569,reopened,1
4570,ushered,1
4571,approached,1
4572,punked,1
4573,serve,1
4574,merry,1
4575,unprofessional,1
4577,ww,1
4578,had,1
4579,backtrack,1
4581,saturated,1
4582,hind,1
4583,premiums,1
4584,discover,1
4560,hurrying,1
4557,trumps,1
4587,passage,1
4555,souvenire,1
4533,anxious,1
4534,graduated,1
4535,stories,1
4536,joining,1
4537,wherever,1
4538,lime,1
4539,ver,1
4540,thurs,1
4541,fri,1
4542,vring,1
4543,dehydrated,1
4544,predictor,1
4545,websites,1
4546,revisitations,1
4547,overwelming,1
4548,blissful,1
4549,strictly,1
4551,retail,1
4552,brain,1
4553,washed,1
4554,ounce,1
4585,useless,1
4588,cheated,1
4398,instructions,1
4619,bob,1
4621,yup,1
4622,dolls,1
4623,purses,1
4624,clothing,1
4625,referred,1
4626,exhusting,1
4627,choked,1
4629,fireworksfor,1
4630,shuffle,1
4631,reminiscent,1
4632,episode,1
4633,gideon,1
4634,overpopulated,1
4635,staked,1
4636,windy,1
4637,cruises,1
4639,purchases,1
4640,overwhelmingly,1
4641,racking,1
4642,thanksgivings,1
4643,infuriating,1
4620,lock,1
4618,suggestions,1
4589,brave,1
4617,channel,1
4591,green,1
4592,stated,1
4593,lifting,1
4594,liabilities,1
4599,mini,1
4600,dough,1
4601,grey,1
4602,hopefually,1
4603,granbabies,1
4604,lowered,1
4605,invention,1
4606,dine,1
4607,sandwhiches,1
4608,thighs,1
4609,mashed,1
4610,potatoes,1
4611,depressing,1
4613,inaccessible,1
4614,slowing,1
4615,drastically,1
4616,outdoors,1
4532,visisting,1
4530,manners,1
4529,wed,1
4423,hats,1
4426,cheesy,1
4427,moneylong,1
4429,homeits,1
4430,torture,1
4433,transform,1
4434,italian,1
4438,seperate,1
4440,ranking,1
4441,conditions,1
4443,sworn,1
4444,mailed,1
4445,honour,1
4446,sinning,1
4447,residents,1
4448,extortionate,1
4449,admittedly,1
4451,cartoons,1
4452,ought,1
4454,painting,1
4455,wonderground,1
4456,gallery,1
4424,tourists,1
4422,meant,1
4527,schedules,1
4421,prams,1
4399,kinds,1
4400,safer,1
4401,worthwhile,1
4402,`,1
4403,adverts,1
4404,shading,1
4405,lose,1
4406,attending,1
4407,jump,1
4409,hang,1
4410,bridge,1
4411,grip,1
4412,update,1
4413,sharing,1
4414,secrets,1
4415,keeps,1
4416,riff,1
4417,raff,1
4418,radically,1
4419,travels,1
4420,circuit,1
4459,framed,1
4460,artworks,1
4462,roughly,1
4463,favour,1
4498,ditched,1
4499,shopped,1
4502,glory,1
4503,coastersboth,1
4504,shinny,1
4505,tiredmy,1
4506,whinge,1
4507,yearsi,1
4508,toknotts,1
4510,iguess,1
4511,desperately,1
4515,pause,1
4516,sneeze,1
4517,hustle,1
4518,evertime,1
4519,announced,1
4520,delay,1
4523,collecting,1
4524,groan,1
4525,acting,1
4526,brats,1
4497,nigt,1
4496,firstlast,1
4495,boom,1
4480,fares,1
4467,topped,1
4469,maitanence,1
4470,necer,1
4471,shuttles,1
4473,blink,1
4474,impersonal,1
4477,delivered,1
4478,michael,1
4479,jacksons,1
4482,compromising,1
4493,lil,1
4484,appx,1
4485,instance,1
4486,honor,1
4487,default,1
4488,souveneirs,1
4489,employ,1
4490,tactics,1
4491,occasion,1
4492,cms,1
3693,screens,1
2541,count,1
3691,supervison,1
1840,crowedunder,1
1817,friendliest,1
1824,cope,1
1827,distressing,1
1828,machines,1
1829,release,1
1830,alleviate,1
1832,privilege,1
1834,hottest,1
1841,whelming,1
1806,diapers,1
1842,performing,1
1844,giftslittle,1
1846,performances,1
1848,mose,1
1849,ugh,1
1854,meltdowns,1
1866,curse,1
1871,dismissive,1
1814,badluck,1
1804,suffering,1
1743,lessened,1
1771,vistors,1
1750,outgrown,1
1751,figuring,1
1758,stinks,1
1759,inaccurate,1
1761,heats,1
1765,ticketed,1
1766,daytime,1
1769,justice,1
1778,compassion,1
1802,debate,1
1783,rams,1
1784,hilt,1
1785,warp,1
1786,heyday,1
1790,difficulties,1
1791,advertised,1
1794,europapark,1
1795,rust,1
1873,culminated,1
1876,passersby,1
1877,pretended,1
1961,sites,1
1944,religion,1
1945,remotely,1
1949,square,1
1951,suffocating,1
1952,crush,1
1955,delhi,1
1956,peaceful,1
1957,quaint,1
1963,meters,1
1886,inner,1
1964,trade,1
1966,abound,1
1967,unknowledgeable,1
1968,incorrect,1
1970,procedures,1
1971,international,1
1973,communicate,1
1985,enchanting,1
1943,fanatical,1
1942,folly,1
1939,notable,1
1938,quieted,1
1887,summers,1
1891,arm,1
1892,leg,1
1896,vey,1
1898,veryyyyyyyy,1
1899,baaaaaaaaaaaaaad,1
1901,wang,1
1902,booted,1
1914,directly,1
1917,zones,1
1924,poles,1
1927,beforehand,1
1928,splitting,1
1929,caming,1
1930,accommodation,1
1932,handful,1
1934,because,1
1745,sales,1
1737,unpleasantly,1
1990,awfully,1
1562,alton,1
1550,souvenir,1
1552,overcharged,1
1554,imagined,1
1555,saloon,1
1556,slapstick,1
1557,performer,1
1558,runaway,1
1559,begrudgingly,1
1563,towers,1
1548,kr,1
1564,quid,1
1566,account,1
1569,faces,1
1572,trolley,1
1576,ofmain,1
1578,length,1
1580,tidy,1
1582,gardens,1
1549,mainly,1
1547,criminal,1
1733,individually,1
1524,freezing,1
1508,concoction,1
1510,juicy,1
1511,juice,1
1512,mixed,1
1513,sprite,1
1514,sparkling,1
1518,glass,1
1522,bellagio,1
1527,receiving,1
1546,guards,1
1529,understood,1
1533,worldyou,1
1536,attractionsand,1
1538,greeted,1
1539,mouseand,1
1541,delights,1
1544,touched,1
1545,masterpiece,1
1587,electronic,1
1588,themthere,1
1592,unlike,1
1706,citizen,1
1665,ny,1
1672,rolls,1
1677,pot,1
1678,roast,1
1680,dish,1
1681,tighter,1
1695,nowadays,1
1703,preference,1
1711,loan,1
1594,edge,1
1712,ceos,1
1715,engaging,1
1720,ceases,1
1721,amaze,1
1724,hitch,1
1728,cancellation,1
1730,musical,1
1732,bypasss,1
1664,worriesd,1
1661,payment,1
1658,consume,1
1656,fart,1
1598,canadian,1
1604,exceed,1
1607,peace,1
1613,poising,1
1614,flo,1
1621,mlk,1
1622,um,1
1624,plywood,1
1625,splah,1
1626,mntn,1
1633,corporates,1
1637,feels,1
1644,insidents,1
1645,fights,1
1646,erupted,1
1650,fuzzy,1
1655,americans,1
1988,umbrella,1
1993,devices,1
2465,bills,1
2299,pickup,1
2279,grass,1
2285,impeded,1
2290,expectedall,1
2291,restroommaybe,1
2292,expensiveit,1
2294,unik,1
2295,enddays,1
2297,lyft,1
2301,scandal,1
2268,disassemble,1
2306,guarding,1
2307,toys,1
2308,corners,1
2310,au,1
2311,jus,1
2312,dip,1
2313,grease,1
2319,ridemax,1
2276,personalized,1
2266,enters,1
2208,baddie,1
2243,pleading,1
2217,sailing,1
2219,loads,1
2220,throughly,1
2223,consistently,1
2229,maneuver,1
2235,spouses,1
2237,carrying,1
2239,attachment,1
2246,circumstance,1
2263,verbiage,1
2247,disassembled,1
2252,somehow,1
2254,faqs,1
2256,folding,1
2257,tripods,1
2258,monopod,1
2259,stands,1
2261,backpack,1
2320,thepeter,1
2321,storyland,1
2328,caps,1
2429,court,1
2402,antiquated,1
2404,allotted,1
2407,completed,1
2408,vouchers,1
2409,roger,1
2410,rockets,1
2420,carnation,1
2421,menu,1
2436,lease,1
2335,periodically,1
2438,brilliant,1
2439,paths,1
2441,panic,1
2442,attack,1
2452,stall,1
2454,extinguished,1
2459,skills,1
2463,fly,1
2398,rehab,1
2396,decisions,1
2395,undergoing,1
2391,partly,1
2339,hooks,1
2341,moments,1
2346,contributed,1
2347,commentary,1
2348,avatar,1
2350,button,1
2353,buttons,1
2355,weddings,1
2362,switchbacks,1
2365,prime,1
2368,embrace,1
2369,preface,1
2374,horrid,1
2375,redundant,1
2377,mildly,1
2378,yeah,1
2390,saddened,1
2209,fool,1
2207,frank,1
1997,plug,1
2065,il,1
2044,alike,1
2048,hiatus,1
2054,strange,1
2055,bummed,1
2056,anti,1
2057,climactic,1
2059,majors,1
2064,chicago,1
2072,continues,1
2042,bloody,1
2074,responded,1
2078,me,1
2080,spectacle,1
2082,appreciated,1
2083,civil,1
2084,approach,1
2089,aggression,1
2090,uncalled,1
2043,delighted,1
2041,caveats,1
2205,wake,1
2010,sodas,1
1998,miracle,1
1999,barks,1
2000,kicks,1
2002,sucking,1
2003,comfort,1
2007,reno,1
2008,nevada,1
2009,hugely,1
2015,where,1
2039,payback,1
2017,whisked,1
2023,fewt,1
2025,chains,1
2026,advertisements,1
2027,depict,1
2029,crock,1
2032,jazz,1
2033,surrounding,1
2092,willing,1
2093,yells,1
2094,refuses,1
2187,lol,1
2172,cognizant,1
2173,allergies,1
2174,diet,1
2175,preferences,1
2176,professionally,1
2177,mature,1
2180,cuz,1
2182,swear,1
2188,touring,1
2101,repercussion,1
2190,predicted,1
2191,foolish,1
2192,punishment,1
2193,contacted,1
2199,lucked,1
2200,timesthis,1
2201,ongoing,1
2204,correctly,1
2171,intimacy,1
2167,intentional,1
2165,breathe,1
2162,boot,1
2102,importance,1
2115,compete,1
2118,discounted,1
2122,mths,1
2123,hyping,1
2124,qld,1
2125,population,1
2127,weds,1
2131,reached,1
2143,article,1
2144,solely,1
2146,diney,1
2150,revenue,1
2153,hop,1
2156,oblivious,1
2158,supplanted,1
2159,regard,1
1507,vodka,1
1503,cheeses,1
1501,lunchbox,1
750,blimey,1
701,annunciate,1
702,mic,1
705,snickering,1
708,galaxies,1
709,planets,1
721,barking,1
726,dramatically,1
745,joint,1
758,shambles,1
689,swinging,1
761,ceo,1
762,passion,1
763,foresight,1
765,efficiently,1
766,unfortunatey,1
773,shattered,1
777,coverage,1
781,crew,1
697,corny,1
682,subs,1
549,cafes,1
618,notes,1
557,reentered,1
560,pressing,1
571,bars,1
584,wholeheartedly,1
592,macdonalds,1
600,fam,1
602,sooo,1
607,hmin,1
624,reduce,1
676,afforded,1
638,pardae,1
650,unsure,1
653,conflicting,1
666,periodic,1
670,uninspired,1
671,unexcited,1
672,unimpressed,1
673,seasonal,1
784,shoddy,1
792,licence,1
795,sayng,1
915,stalled,1
878,truths,1
882,obscenely,1
884,china,1
891,human,1
893,disheartening,1
898,essentially,1
901,benefiting,1
902,suits,1
916,backed,1
799,foreigners,1
923,dripping,1
925,profanity,1
942,reconfigured,1
943,wend,1
961,conditioned,1
963,rounds,1
974,spray,1
981,hubcap,1
875,maximization,1
872,tossed,1
868,shills,1
866,proud,1
803,centered,1
804,provider,1
806,aulani,1
820,loudly,1
825,terrified,1
837,funds,1
842,mgic,1
844,smal,1
845,rubish,1
846,faded,1
847,colors,1
849,deserve,1
853,trust,1
858,admiration,1
859,creators,1
861,innovators,1
865,inspiring,1
551,snack,1
548,equipment,1
1499,towel,1
184,carros,1
172,por,1
173,su,1
174,dinero,1
175,justo,1
177,cobren,1
179,espere,1
182,el,1
183,juego,1
185,radiators,1
170,trabaja,1
187,dijeran,1
189,desconpuso,1
190,recommiendo,1
191,gusto,1
192,como,1
193,papa,1
194,tener,1
195,esperar,1
171,dura,1
168,caros,1
547,overworked,1
150,les,1
6,sensed,1
13,prowling,1
24,tasmic,1
27,situated,1
38,unoccupied,1
43,straining,1
46,wanna,1
59,overcrowd,1
151,recomiendo,1
165,ridiculo,1
152,visitar,1
153,esta,1
155,ocupado,1
157,lineas,1
158,vien,1
159,largas,1
160,mas,1
162,dos,1
232,lied,1
244,hire,1
246,advertise,1
478,choosed,1
437,scaffolding,1
438,gigantic,1
443,appeal,1
451,excite,1
468,unsympathetic,1
470,unbelieving,1
472,das,1
474,excided,1
517,heartbreaking,1
275,ways,1
518,horses,1
522,transport,1
523,chooses,1
524,horse,1
526,carriages,1
527,petrol,1
528,driven,1
540,bobsled,1
436,sheets,1
434,hidden,1
411,kidsincluding,1
394,positivity,1
311,malfunctioned,1
327,gosh,1
331,northern,1
332,alberta,1
337,teen,1
338,preteen,1
347,implying,1
350,grumpier,1
352,blonde,1
353,haired,1
355,wearing,1
357,tuque,1
359,cheryl,1
360,scanning,1
363,tarp,1
383,negativity,1
389,cad,1
990,seek,1
991,legal,1
992,retribution,1
1321,pandered,1
1303,dipped,1
1304,thick,1
1305,batter,1
1306,crispy,1
1307,perfection,1
1308,ketchup,1
1309,mustard,1
1311,separately,1
1322,pixar,1
1299,generous,1
1327,standby,1
1330,eight,1
1331,memorial,1
1333,failures,1
1339,gear,1
1340,hugh,1
1343,regards,1
1345,transpired,1
1301,misers,1
1296,livable,1
996,entries,1
1262,wouldnt,1
1250,filtered,1
1251,taps,1
1254,dissapointed,1
1255,maxtrash,1
1258,beleive,1
1259,beta,1
1260,test,1
1261,ao,1
1263,invest,1
1293,poverity,1
1264,ps,1
1265,amd,1
1272,bubblers,1
1275,booths,1
1276,with,1
1278,profited,1
1280,controlled,1
1292,earning,1
1347,paul,1
1351,tag,1
1353,hid,1
1459,finishing,1
1430,accommodated,1
1437,problematic,1
1438,gently,1
1440,supervisor,1
1441,clarissa,1
1453,aims,1
1454,macaroons,1
1456,pickles,1
1461,remind,1
1354,generic,1
1469,toddlers,1
1471,lazy,1
1472,longerdo,1
1479,scanned,1
1482,pertains,1
1486,grouped,1
1489,circumstances,1
1490,raining,1
1420,grab,1
1418,criticism,1
1417,constructive,1
1412,indication,1
1355,canned,1
1357,mentioning,1
1358,prompted,1
1360,holds,1
1361,unrestricted,1
1366,shares,1
1367,manufacturer,1
1368,alien,1
1369,boasters,1
1373,pull,1
1385,feature,1
1390,petes,1
1391,sake,1
1398,dedicate,1
1403,overflow,1
1408,presented,1
1409,venue,1
1248,drank,1
1246,tap,1
1244,dehidrate,1
1125,yeti,1
1107,nightmares,1
1111,aurora,1
1115,includes,1
1117,background,1
1119,ferocious,1
1120,yetis,1
1122,growling,1
1123,accompanying,1
1128,skeletons,1
1142,animated,1
1129,glowing,1
1130,idol,1
1133,plot,1
1136,turns,1
1137,stretch,1
1138,video,1
1139,projected,1
1140,mist,1
1103,factor,1
1100,seeker,1
1099,boosting,1
1098,adrenaline,1
1004,stich,1
1005,lion,1
1006,king,1
1007,moana,1
1009,madagascarbecause,1
1017,warn,1
1021,france,1
1039,concourses,1
1043,serving,1
1047,exchanges,1
1054,grabbers,1
1062,petite,1
1074,compact,1
1089,researched,1
1091,definition,1
1096,creatures,1
1097,ghosts,1
1141,villains,1
1143,films,1
1242,linesin,1
1224,simplest,1
1204,finale,1
1205,dump,1
1209,sheep,1
1210,slaughter,1
1217,colours,1
1218,lookit,1
1222,renamed,1
1223,greediest,1
1226,daydreaming,1
1146,satan,1
1227,whybeing,1
1230,frontier,1
1231,smell,1
1234,swampwhere,1
1235,hasnt,1
1236,flown,1
1237,outdoor,1
1241,huuuuuge,1
1203,studio,1
1199,frighten,1
1197,edit,1
1196,schoolhope,1
1147,demon,1
1149,maniacally,1
1150,threatening,1
1151,powers,1
1155,thumbs,1
1157,colour,1
1160,brighter,1
1163,warnings,1
1165,pleas,1
1166,favourites,1
1178,blaster,1
1180,robots,1
1188,caterpillar,1
1190,bug,1
1193,ursula,1
1194,scene,1
1195,goofy,1
2464,burn,1
2466,dis,1
3689,stays,1
3322,combine,1
3310,booking,1
3311,subjected,1
3314,skimpy,1
3315,norm,1
3317,captured,1
3318,profits,1
3319,betterbut,1
3321,equitable,1
3323,incl,1
3307,position,1
3324,metro,1
3327,spectators,1
3328,citing,1
3330,hired,1
3332,underground,1
3333,visibly,1
3334,exclusive,1
3335,autism,1
3308,knowing,1
3304,stole,1
3271,trees,1
3284,cooler,1
3274,louder,1
3275,reflect,1
3276,christmastime,1
3277,mild,1
3278,became,1
3279,beanie,1
3282,predict,1
3283,remain,1
3289,tendons,1
3303,unheard,1
3290,lasts,1
3291,inferior,1
3292,blaming,1
3293,monopolizing,1
3295,winding,1
3299,senior,1
3300,citizens,1
3302,overheard,1
3336,veteran,1
3337,motor,1
3339,explained,1
3382,flood,1
3372,effeminate,1
3373,affectation,1
3374,speech,1
3376,obnoxious,1
3377,hair,1
3378,monument,1
3380,vehicles,1
3381,actuality,1
3383,fear,1
3340,optin,1
3384,greatly,1
3387,courteous,1
3388,pathways,1
3391,groups,1
3392,sports,1
3393,teams,1
3395,band,1
3396,orchestra,1
3371,flamboyantly,1
3370,sound,1
3369,excruciating,1
3368,joneses,1
3341,endure,1
3342,weight,1
3344,edges,1
3348,greatest,1
3349,practically,1
3350,punished,1
3351,physical,1
3352,demanded,1
3354,appalled,1
3356,catering,1
3357,type,1
3358,definitley,1
3360,inflated,1
3361,merch,1
3362,ebay,1
3366,relying,1
3367,heavily,1
3273,faint,1
3270,elaborate,1
3399,crazier,1
3178,ghost,1
3158,appointment,1
3160,godmother,1
3161,alas,1
3162,phoenix,1
3163,utilized,1
3166,intended,1
3173,caste,1
3176,ge,1
3179,towns,1
3156,ex,1
3183,sniffer,1
3184,intrusive,1
3185,townies,1
3186,cults,1
3187,permeated,1
3189,sullen,1
3191,incorrectly,1
3192,cliche,1
3157,weekenddetermines,1
3155,depending,1
3268,showered,1
3135,thanked,1
3123,caring,1
3124,carpet,1
3125,furniture,1
3126,drapes,1
3127,walls,1
3132,advised,1
3133,remove,1
3134,he,1
3138,introverts,1
3154,introduced,1
3139,hooper,1
3142,sandwiches,1
3143,bargain,1
3144,strollerville,1
3149,naps,1
3151,ruthless,1
3152,mothers,1
3153,weapon,1
3193,thrusday,1
3194,retunring,1
3195,evermore,1
3249,consevitivly,1
3235,aid,1
3238,steady,1
3239,stream,1
3240,inappropriate,1
3242,prude,1
3243,associated,1
3244,longshoremen,1
3245,sailors,1
3250,institution,1
3196,dealt,1
3251,fits,1
3252,spread,1
3254,consists,1
3258,sooner,1
3260,delivers,1
3264,heaters,1
3265,patio,1
3266,relight,1
3233,smiley,1
3230,publishes,1
3229,material,1
3227,discussed,1
3197,reps,1
3198,retraining,1
3202,lair,1
3203,sawyers,1
3205,permanently,1
3206,discontinued,1
3207,terrace,1
3210,experienceworst,1
3211,describe,1
3215,astro,1
3216,blasters,1
3217,vicinity,1
3218,shoppers,1
3219,substance,1
3220,touristy,1
3221,sellingt,1
3224,sets,1
3397,supervised,1
3400,calendars,1
2468,epic,1
3592,glitz,1
3578,medium,1
3579,repeated,1
3581,accurate,1
3587,disobeying,1
3588,whipped,1
3589,microphone,1
3590,contain,1
3591,kudos,1
3593,enchantment,1
3576,haul,1
3596,familys,1
3599,wisely,1
3600,everythign,1
3602,trapped,1
3604,premier,1
3606,benefit,1
3610,beats,1
3612,longbeach,1
3577,worry,1
3575,pricier,1
3530,truely,1
3546,deflated,1
3532,moly,1
3534,effects,1
3535,outdone,1
3537,compulsory,1
3540,combined,1
3543,completly,1
3544,spoils,1
3545,expects,1
3549,organisation,1
3573,fraud,1
3550,seamless,1
3556,remote,1
3561,boooo,1
3564,fooled,1
3565,anniversaryi,1
3566,print,1
3567,scanner,1
3572,claiming,1
3616,wayne,1
3617,lax,1
3620,equal,1
3676,streaming,1
3665,ushering,1
3666,filed,1
3668,celebrations,1
3670,tripadvisor,1
3671,contribute,1
3672,curbs,1
3673,staking,1
3675,misery,1
3677,endlessly,1
3624,contained,1
3678,meantime,1
3679,amazingmagical,1
3680,kidsadults,1
3682,judged,1
3684,reservations,1
3685,cross,1
3687,herd,1
3688,nite,1
3664,agrees,1
3663,trains,1
3662,usher,1
3655,fir,1
3625,medication,1
3627,accommodating,1
3628,definite,1
3629,chip,1
3631,relative,1
3633,texas,1
3634,mouth,1
3635,flowers,1
3636,pre,1
3639,brick,1
3646,kate,1
3647,spade,1
3648,insurance,1
3649,themthis,1
3651,crams,1
3652,hazard,1
3654,inwas,1
3531,holy,1
3529,abusing,1
3401,trackers,1
3453,throughi,1
3441,stressed,1
3445,terriblei,1
3446,inalso,1
3447,holidayi,1
3448,packedthe,1
3450,buti,1
3451,corraled,1
3452,preparation,1
3454,upi,1
3438,solid,1
3455,horriblethe,1
3456,traffichalf,1
3457,scootered,1
3458,earlierjust,1
3459,irritatingand,1
3462,uniforms,1
3464,costumelike,1
3465,housethe,1
3440,stress,1
3435,villans,1
3527,tonnes,1
3417,session,1
3402,encountered,1
3405,laid,1
3406,jammed,1
3407,scratch,1
3408,coupe,1
3410,saves,1
3411,increasing,1
3415,necessity,1
3419,understaffed,1
3434,server,1
3422,waved,1
3424,stored,1
3425,items,1
3426,preparations,1
3427,lagoon,1
3429,itdid,1
3430,carmel,1
3433,fright,1
3466,gotta,1
3468,disneyi,1
3469,humidity,1
3513,inhale,1
3504,connections,1
3505,apologised,1
3506,complimentary,1
3508,blamed,1
3509,relive,1
3510,youth,1
3511,bats,1
3512,troubles,1
3514,pixie,1
3470,improvements,1
3515,cali,1
3516,arond,1
3517,donalds,1
3518,rollercoasterthing,1
3519,carousell,1
3521,song,1
3522,iconic,1
3525,dismay,1
3503,calls,1
3502,mails,1
3501,recordings,1
3500,robo,1
3472,treaters,1
3474,oriented,1
3476,motorized,1
3478,ankle,1
3479,injured,1
3480,ramming,1
3481,hurts,1
3482,injury,1
3484,villain,1
3486,sarcastic,1
3487,justin,1
3488,avengers,1
3490,spinning,1
3491,snide,1
3495,slight,1
3497,hadwe,1
3499,printed,1
3122,convince,1
3121,overawed,1
3119,chalk,1
2675,updates,1
2663,brides,1
2664,welp,1
2666,final,1
2667,experiance,1
2668,addvertising,1
2670,dispointment,1
2671,frowns,1
2674,mixture,1
2676,layovers,1
2660,theyre,1
2680,tow,1
2682,nigh,1
2683,equals,1
2684,staples,1
2686,consistent,1
2687,locked,1
2688,daylight,1
2689,robbery,1
2662,mail,1
2659,tied,1
2626,payed,1
2640,shock,1
2632,muggy,1
2633,employes,1
2634,pushy,1
2635,genie,1
2636,alladin,1
2637,salads,1
2638,costed,1
2639,insult,1
2642,jumped,1
2655,shooting,1
2644,posin,1
2645,woods,1
2647,hill,1
2648,dwarfes,1
2649,ending,1
2650,carribion,1
2653,displays,1
2654,pillageing,1
2690,disproportionate,1
2691,sour,1
2694,veterans,1
2760,micky,1
2743,umbrellas,1
2747,frustration,1
2748,feedback,1
2750,somethings,1
2752,furthermore,1
2754,overlap,1
2756,fraction,1
2757,neighborhood,1
2761,lengths,1
2695,avenger,1
2762,toddles,1
2763,modernisation,1
2764,def,1
2766,lucrative,1
2767,midday,1
2770,popularity,1
2771,feeds,1
2773,wnat,1
2739,glitches,1
2738,yea,1
2737,abything,1
2733,unlimited,1
2696,marathon,1
2699,held,1
2700,steamship,1
2701,columbia,1
2706,gatethat,1
2707,homework,1
2708,ad,1
2713,parkcalifornia,1
2716,both,1
2717,progressively,1
2719,but,1
2726,parting,1
2727,rare,1
2728,appearances,1
2730,chaotic,1
2731,jostling,1
2732,challenges,1
2631,hallways,1
2622,heres,1
3118,recognise,1
2538,texting,1
2512,blessing,1
2513,disguise,1
2514,scared,1
2518,sunny,1
2519,unbearably,1
2521,occupancy,1
2524,survived,1
2531,wash,1
2539,smart,1
2505,wished,1
2542,text,1
2545,policies,1
2548,craze,1
2549,signed,1
2550,petition,1
2551,destroy,1
2552,executives,1
2554,relatively,1
2507,btw,1
2504,females,1
2620,mortons,1
2484,continuous,1
2469,prized,1
2471,ribbon,1
2476,diners,1
2477,minimise,1
2480,fail,1
2481,agenda,1
2482,europe,1
2483,master,1
2485,improvement,1
2503,males,1
2488,improved,1
2489,earn,1
2491,interests,1
2492,whenever,1
2493,fwy,1
2495,shuffling,1
2496,values,1
2500,genders,1
2556,facing,1
2557,distinguish,1
2559,utilised,1
2607,sugary,1
2596,implicit,1
2597,message,1
2600,obscenity,1
2602,suckers,1
2603,fountain,1
2604,shady,1
2605,bonkers,1
2606,overdosing,1
2608,toes,1
2560,complex,1
2609,flattened,1
2610,bloated,1
2611,legions,1
2612,morbidly,1
2613,obese,1
2616,solace,1
2617,decompress,1
2619,martinis,1
2590,rube,1
2589,separates,1
2588,shamelessly,1
2587,mushrooms,1
2565,strewn,1
2566,bushes,1
2568,overflowing,1
2570,flushing,1
2571,floors,1
2573,dirt,1
2575,sweep,1
2576,kernal,1
2577,railing,1
2578,cramped,1
2580,enema,1
2581,hideously,1
2582,artifact,1
2583,flagship,1
2584,satellite,1
2585,sprung,1
2586,poison,1
2776,flash,1
2777,restuarant,1
2778,woe,1
3020,focused,1
3008,forbid,1
3009,incident,1
3010,occurred,1
3012,weekly,1
3013,tuesdays,1
3014,wednesdays,1
3017,begged,1
3018,prefers,1
3021,concessions,1
2999,sweat,1
3025,negotiate,1
3028,melee,1
3029,gathered,1
3030,stampede,1
3031,bollards,1
3035,vastly,1
3037,swarmed,1
3038,owing,1
3003,heaps,1
2998,eateries,1
2781,exceptionally,1
2965,gaps,1
2941,downer,1
2949,valuables,1
2952,singapore,1
2953,amongst,1
2956,views,1
2958,cinemas,1
2960,guided,1
2963,aisle,1
2968,tough,1
2984,cinnamon,1
2969,fiasco,1
2970,sub,1
2971,par,1
2973,purported,1
2976,outrageously,1
2977,products,1
2981,cappuccino,1
2983,homemade,1
3045,ponds,1
3046,algae,1
3048,mucky,1
3105,century,1
3089,outweigh,1
3093,allocated,1
3096,range,1
3097,outlets,1
3098,hyper,1
3100,autotopia,1
3103,paddlewheel,1
3104,excursion,1
3106,progress,1
3049,whiffs,1
3107,reopen,1
3109,throng,1
3110,creeping,1
3111,fancy,1
3113,nz,1
3114,longs,1
3116,stationary,1
3117,steam,1
3087,causes,1
3086,bearable,1
3081,nor,1
3080,explore,1
3050,stench,1
3053,furious,1
3055,criminals,1
3056,strip,1
3058,scanners,1
3059,retrieve,1
3060,larry,1
3062,faulty,1
3063,disrupted,1
3067,touches,1
3068,disappearing,1
3069,backs,1
3070,shortages,1
3071,pleasantly,1
3072,honoured,1
3073,lighted,1
3074,circle,1
2940,debbie,1
2936,equivalent,1
2934,guidebook,1
2833,refurbish,1
2819,yawning,1
2820,un,1
2821,subject,1
2822,shush,1
2823,quit,1
2828,pans,1
2829,shaking,1
2830,fearful,1
2835,spaghetti,1
2859,points,1
2837,chocolate,1
2841,bombastic,1
2842,wholly,1
2844,blatant,1
2845,grabbing,1
2846,stunt,1
2850,packs,1
2853,thanksdisney,1
2816,atmosphire,1
2815,hence,1
2814,weary,1
2812,guides,1
2784,obscene,1
2785,tune,1
2788,slens,1
2789,hue,1
2792,withut,1
2793,ton,1
2794,regional,1
2795,spices,1
2796,seasoning,1
2797,traversing,1
2799,nowadaysit,1
2800,sentimental,1
2802,costly,1
2804,neat,1
2805,stoppage,1
2808,disjointed,1
2811,hellish,1
2857,repaired,1
2860,firstly,1
2933,unofficial,1
2914,likes,1
2902,soundsational,1
2904,retirement,1
2906,ceremony,1
2907,lowering,1
2908,tribute,1
2910,active,1
2911,retired,1
2912,anticipation,1
2917,wishing,1
2861,guessed,1
2918,leaf,1
2919,twentieth,1
2921,bless,1
2922,hearts,1
2925,irritating,1
2929,wcw,1
2930,midsummer,1
2932,spell,1
2901,cardboard,1
2896,agony,1
2895,aching,1
2894,hurting,1
2864,cooling,1
2866,introducing,1
2867,fillable,1
2871,terriblefor,1
2872,smoothly,1
2873,rudethe,1
2874,snap,1
2875,shout,1
2876,josh,1
2878,arcade,1
2881,dullest,1
2883,aspect,1
2884,clog,1
2887,needless,1
2890,inconvenience,1
2891,percent,1
2892,claims,1
5081,lengthy,1
